timestamp,val_1,val_2,val_3,val_4,val_5,val_6,val_7,val_8
1776664235.779330,"[[[84 41 33]
  [84 41 33]
  [83 41 34]
  ...
  [84 41 33]
  [84 41 33]
  [84 41 33]]

 [[84 41 33]
  [84 41 33]
  [83 41 34]
  ...
  [84 41 33]
  [84 41 33]
  [84 41 33]]

 [[83 41 34]
  [84 41 33]
  [84 41 33]
  ...
  [84 41 33]
  [84 41 33]
  [84 41 33]]

 ...

 [[48 26 24]
  [48 26 24]
  [48 26 24]
  ...
  [48 26 24]
  [48 26 24]
  [48 26 24]]

 [[48 26 24]
  [48 26 24]
  [48 26 24]
  ...
  [48 26 24]
  [48 26 24]
  [48 26 24]]

 [[48 26 24]
  [48 26 24]
  [48 26 24]
  ...
  [48 26 24]
  [48 26 24]
  [48 26 24]]]",,,,,,,
1776664235.831991,"[[[84 41 33]
  [84 41 33]
  [83 41 34]
  ...
  [84 41 33]
  [84 41 33]
  [84 41 33]]

 [[84 41 33]
  [84 41 33]
  [83 41 34]
  ...
  [84 41 33]
  [84 41 33]
  [84 41 33]]

 [[83 41 34]
  [84 41 33]
  [84 41 33]
  ...
  [84 41 33]
  [84 41 33]
  [84 41 33]]

 ...

 [[48 26 24]
  [48 26 24]
  [48 26 24]
  ...
  [48 26 24]
  [48 26 24]
  [48 26 24]]

 [[48 26 24]
  [48 26 24]
  [48 26 24]
  ...
  [48 26 24]
  [48 26 24]
  [48 26 24]]

 [[48 26 24]
  [48 26 24]
  [48 26 24]
  ...
  [48 26 24]
  [48 26 24]
  [48 26 24]]]",,,,,,,
1776664235.881246,"[[[84 41 33]
  [84 41 33]
  [83 41 34]
  ...
  [84 41 33]
  [84 41 33]
  [84 41 33]]

 [[84 41 33]
  [84 41 33]
  [83 41 34]
  ...
  [84 41 33]
  [84 41 33]
  [84 41 33]]

 [[83 41 34]
  [84 41 33]
  [84 41 33]
  ...
  [84 41 33]
  [84 41 33]
  [84 41 33]]

 ...

 [[48 26 24]
  [48 26 24]
  [48 26 24]
  ...
  [48 26 24]
  [48 26 24]
  [48 26 24]]

 [[48 26 24]
  [48 26 24]
  [48 26 24]
  ...
  [48 26 24]
  [48 26 24]
  [48 26 24]]

 [[48 26 24]
  [48 26 24]
  [48 26 24]
  ...
  [48 26 24]
  [48 26 24]
  [48 26 24]]]",,,,,,,
1776664235.930467,"[[[84 41 33]
  [84 41 33]
  [83 41 34]
  ...
  [84 41 33]
  [84 41 33]
  [84 41 33]]

 [[84 41 33]
  [84 41 33]
  [83 41 34]
  ...
  [84 41 33]
  [84 41 33]
  [84 41 33]]

 [[83 41 34]
  [84 41 33]
  [84 41 33]
  ...
  [84 41 33]
  [84 41 33]
  [84 41 33]]

 ...

 [[48 26 24]
  [48 26 24]
  [48 26 24]
  ...
  [48 26 24]
  [48 26 24]
  [48 26 24]]

 [[48 26 24]
  [48 26 24]
  [48 26 24]
  ...
  [48 26 24]
  [48 26 24]
  [48 26 24]]

 [[48 26 24]
  [48 26 24]
  [48 26 24]
  ...
  [48 26 24]
  [48 26 24]
  [48 26 24]]]",,,,,,,
1776664235.981000,"[[[84 41 33]
  [84 41 33]
  [83 41 34]
  ...
  [84 41 33]
  [84 41 33]
  [84 41 33]]

 [[84 41 33]
  [84 41 33]
  [83 41 34]
  ...
  [84 41 33]
  [84 41 33]
  [84 41 33]]

 [[83 41 34]
  [84 41 33]
  [84 41 33]
  ...
  [84 41 33]
  [84 41 33]
  [84 41 33]]

 ...

 [[48 26 24]
  [48 26 24]
  [48 26 24]
  ...
  [48 26 24]
  [48 26 24]
  [48 26 24]]

 [[48 26 24]
  [48 26 24]
  [48 26 24]
  ...
  [48 26 24]
  [48 26 24]
  [48 26 24]]

 [[48 26 24]
  [48 26 24]
  [48 26 24]
  ...
  [48 26 24]
  [48 26 24]
  [48 26 24]]]",,,,,,,
1776664236.029587,"[[[84 41 33]
  [84 41 33]
  [83 41 34]
  ...
  [84 41 33]
  [84 41 33]
  [84 41 33]]

 [[84 41 33]
  [84 41 33]
  [83 41 34]
  ...
  [84 41 33]
  [84 41 33]
  [84 41 33]]

 [[83 41 34]
  [84 41 33]
  [84 41 33]
  ...
  [84 41 33]
  [84 41 33]
  [84 41 33]]

 ...

 [[48 26 24]
  [48 26 24]
  [48 26 24]
  ...
  [48 26 24]
  [48 26 24]
  [48 26 24]]

 [[48 26 24]
  [48 26 24]
  [48 26 24]
  ...
  [48 26 24]
  [48 26 24]
  [48 26 24]]

 [[48 26 24]
  [48 26 24]
  [48 26 24]
  ...
  [48 26 24]
  [48 26 24]
  [48 26 24]]]",,,,,,,
1776664236.079411,"[[[84 41 33]
  [84 41 33]
  [83 41 34]
  ...
  [84 41 33]
  [84 41 33]
  [84 41 33]]

 [[84 41 33]
  [84 41 33]
  [83 41 34]
  ...
  [84 41 33]
  [84 41 33]
  [84 41 33]]

 [[83 41 34]
  [84 41 33]
  [84 41 33]
  ...
  [84 41 33]
  [84 41 33]
  [84 41 33]]

 ...

 [[48 26 24]
  [48 26 24]
  [48 26 24]
  ...
  [48 26 24]
  [48 26 24]
  [48 26 24]]

 [[48 26 24]
  [48 26 24]
  [48 26 24]
  ...
  [48 26 24]
  [48 26 24]
  [48 26 24]]

 [[48 26 24]
  [48 26 24]
  [48 26 24]
  ...
  [48 26 24]
  [48 26 24]
  [48 26 24]]]",,,,,,,
1776664236.131101,"[[[84 41 33]
  [84 41 33]
  [83 41 34]
  ...
  [84 41 33]
  [84 41 33]
  [84 41 33]]

 [[84 41 33]
  [84 41 33]
  [83 41 34]
  ...
  [84 41 33]
  [84 41 33]
  [84 41 33]]

 [[83 41 34]
  [84 41 33]
  [84 41 33]
  ...
  [84 41 33]
  [84 41 33]
  [84 41 33]]

 ...

 [[48 26 24]
  [48 26 24]
  [48 26 24]
  ...
  [48 26 24]
  [48 26 24]
  [48 26 24]]

 [[48 26 24]
  [48 26 24]
  [48 26 24]
  ...
  [48 26 24]
  [48 26 24]
  [48 26 24]]

 [[48 26 24]
  [48 26 24]
  [48 26 24]
  ...
  [48 26 24]
  [48 26 24]
  [48 26 24]]]",,,,,,,
1776664236.179692,"[[[84 41 33]
  [84 41 33]
  [83 41 34]
  ...
  [84 41 33]
  [84 41 33]
  [84 41 33]]

 [[84 41 33]
  [84 41 33]
  [83 41 34]
  ...
  [84 41 33]
  [84 41 33]
  [84 41 33]]

 [[83 41 34]
  [84 41 33]
  [84 41 33]
  ...
  [84 41 33]
  [84 41 33]
  [84 41 33]]

 ...

 [[48 26 24]
  [48 26 24]
  [48 26 24]
  ...
  [48 26 24]
  [48 26 24]
  [48 26 24]]

 [[48 26 24]
  [48 26 24]
  [48 26 24]
  ...
  [48 26 24]
  [48 26 24]
  [48 26 24]]

 [[48 26 24]
  [48 26 24]
  [48 26 24]
  ...
  [48 26 24]
  [48 26 24]
  [48 26 24]]]",,,,,,,
1776664236.227952,"[[[84 41 33]
  [84 41 33]
  [83 41 34]
  ...
  [84 41 33]
  [84 41 33]
  [84 41 33]]

 [[84 41 33]
  [84 41 33]
  [83 41 34]
  ...
  [84 41 33]
  [84 41 33]
  [84 41 33]]

 [[83 41 34]
  [84 41 33]
  [84 41 33]
  ...
  [84 41 33]
  [84 41 33]
  [84 41 33]]

 ...

 [[48 26 24]
  [48 26 24]
  [48 26 24]
  ...
  [48 26 24]
  [48 26 24]
  [48 26 24]]

 [[48 26 24]
  [48 26 24]
  [48 26 24]
  ...
  [48 26 24]
  [48 26 24]
  [48 26 24]]

 [[48 26 24]
  [48 26 24]
  [48 26 24]
  ...
  [48 26 24]
  [48 26 24]
  [48 26 24]]]",,,,,,,
1776664236.277837,"[[[84 41 33]
  [84 41 33]
  [83 41 34]
  ...
  [84 41 33]
  [84 41 33]
  [84 41 33]]

 [[84 41 33]
  [84 41 33]
  [83 41 34]
  ...
  [84 41 33]
  [84 41 33]
  [84 41 33]]

 [[83 41 34]
  [84 41 33]
  [84 41 33]
  ...
  [84 41 33]
  [84 41 33]
  [84 41 33]]

 ...

 [[48 26 24]
  [48 26 24]
  [48 26 24]
  ...
  [48 26 24]
  [48 26 24]
  [48 26 24]]

 [[48 26 24]
  [48 26 24]
  [48 26 24]
  ...
  [48 26 24]
  [48 26 24]
  [48 26 24]]

 [[48 26 24]
  [48 26 24]
  [48 26 24]
  ...
  [48 26 24]
  [48 26 24]
  [48 26 24]]]",,,,,,,
1776664236.327921,"[[[84 41 33]
  [84 41 33]
  [83 41 34]
  ...
  [84 41 33]
  [84 41 33]
  [84 41 33]]

 [[84 41 33]
  [84 41 33]
  [83 41 34]
  ...
  [84 41 33]
  [84 41 33]
  [84 41 33]]

 [[83 41 34]
  [84 41 33]
  [84 41 33]
  ...
  [84 41 33]
  [84 41 33]
  [84 41 33]]

 ...

 [[48 26 24]
  [48 26 24]
  [48 26 24]
  ...
  [48 26 24]
  [48 26 24]
  [48 26 24]]

 [[48 26 24]
  [48 26 24]
  [48 26 24]
  ...
  [48 26 24]
  [48 26 24]
  [48 26 24]]

 [[48 26 24]
  [48 26 24]
  [48 26 24]
  ...
  [48 26 24]
  [48 26 24]
  [48 26 24]]]",,,,,,,
1776664236.377712,"[[[84 41 33]
  [84 41 33]
  [83 41 34]
  ...
  [84 41 33]
  [84 41 33]
  [84 41 33]]

 [[84 41 33]
  [84 41 33]
  [83 41 34]
  ...
  [84 41 33]
  [84 41 33]
  [84 41 33]]

 [[83 41 34]
  [84 41 33]
  [84 41 33]
  ...
  [84 41 33]
  [84 41 33]
  [84 41 33]]

 ...

 [[48 26 24]
  [48 26 24]
  [48 26 24]
  ...
  [48 26 24]
  [48 26 24]
  [48 26 24]]

 [[48 26 24]
  [48 26 24]
  [48 26 24]
  ...
  [48 26 24]
  [48 26 24]
  [48 26 24]]

 [[48 26 24]
  [48 26 24]
  [48 26 24]
  ...
  [48 26 24]
  [48 26 24]
  [48 26 24]]]",,,,,,,
1776664236.427792,"[[[84 41 33]
  [84 41 33]
  [83 41 34]
  ...
  [84 41 33]
  [84 41 33]
  [84 41 33]]

 [[84 41 33]
  [84 41 33]
  [83 41 34]
  ...
  [84 41 33]
  [84 41 33]
  [84 41 33]]

 [[83 41 34]
  [84 41 33]
  [84 41 33]
  ...
  [84 41 33]
  [84 41 33]
  [84 41 33]]

 ...

 [[48 26 24]
  [48 26 24]
  [48 26 24]
  ...
  [48 26 24]
  [48 26 24]
  [48 26 24]]

 [[48 26 24]
  [48 26 24]
  [48 26 24]
  ...
  [48 26 24]
  [48 26 24]
  [48 26 24]]

 [[48 26 24]
  [48 26 24]
  [48 26 24]
  ...
  [48 26 24]
  [48 26 24]
  [48 26 24]]]",,,,,,,
1776664236.480592,"[[[84 41 33]
  [84 41 33]
  [83 41 34]
  ...
  [84 41 33]
  [84 41 33]
  [84 41 33]]

 [[84 41 33]
  [84 41 33]
  [83 41 34]
  ...
  [84 41 33]
  [84 41 33]
  [84 41 33]]

 [[83 41 34]
  [84 41 33]
  [84 41 33]
  ...
  [84 41 33]
  [84 41 33]
  [84 41 33]]

 ...

 [[48 26 24]
  [48 26 24]
  [48 26 24]
  ...
  [48 26 24]
  [48 26 24]
  [48 26 24]]

 [[48 26 24]
  [48 26 24]
  [48 26 24]
  ...
  [48 26 24]
  [48 26 24]
  [48 26 24]]

 [[48 26 24]
  [48 26 24]
  [48 26 24]
  ...
  [48 26 24]
  [48 26 24]
  [48 26 24]]]",,,,,,,
1776664236.533038,"[[[84 41 33]
  [84 41 33]
  [83 41 34]
  ...
  [84 41 33]
  [84 41 33]
  [84 41 33]]

 [[84 41 33]
  [84 41 33]
  [83 41 34]
  ...
  [84 41 33]
  [84 41 33]
  [84 41 33]]

 [[83 41 34]
  [84 41 33]
  [84 41 33]
  ...
  [84 41 33]
  [84 41 33]
  [84 41 33]]

 ...

 [[48 26 24]
  [48 26 24]
  [48 26 24]
  ...
  [48 26 24]
  [48 26 24]
  [48 26 24]]

 [[48 26 24]
  [48 26 24]
  [48 26 24]
  ...
  [48 26 24]
  [48 26 24]
  [48 26 24]]

 [[48 26 24]
  [48 26 24]
  [48 26 24]
  ...
  [48 26 24]
  [48 26 24]
  [48 26 24]]]",,,,,,,
1776664236.579978,"[[[84 41 33]
  [84 41 33]
  [83 41 34]
  ...
  [84 41 33]
  [84 41 33]
  [84 41 33]]

 [[84 41 33]
  [84 41 33]
  [83 41 34]
  ...
  [84 41 33]
  [84 41 33]
  [84 41 33]]

 [[83 41 34]
  [84 41 33]
  [84 41 33]
  ...
  [84 41 33]
  [84 41 33]
  [84 41 33]]

 ...

 [[48 26 24]
  [48 26 24]
  [48 26 24]
  ...
  [48 26 24]
  [48 26 24]
  [48 26 24]]

 [[48 26 24]
  [48 26 24]
  [48 26 24]
  ...
  [48 26 24]
  [48 26 24]
  [48 26 24]]

 [[48 26 24]
  [48 26 24]
  [48 26 24]
  ...
  [48 26 24]
  [48 26 24]
  [48 26 24]]]",,,,,,,
1776664236.628905,"[[[84 41 33]
  [84 41 33]
  [83 41 34]
  ...
  [84 41 33]
  [84 41 33]
  [84 41 33]]

 [[84 41 33]
  [84 41 33]
  [83 41 34]
  ...
  [84 41 33]
  [84 41 33]
  [84 41 33]]

 [[83 41 34]
  [84 41 33]
  [84 41 33]
  ...
  [84 41 33]
  [84 41 33]
  [84 41 33]]

 ...

 [[48 26 24]
  [48 26 24]
  [48 26 24]
  ...
  [48 26 24]
  [48 26 24]
  [48 26 24]]

 [[48 26 24]
  [48 26 24]
  [48 26 24]
  ...
  [48 26 24]
  [48 26 24]
  [48 26 24]]

 [[48 26 24]
  [48 26 24]
  [48 26 24]
  ...
  [48 26 24]
  [48 26 24]
  [48 26 24]]]",,,,,,,
1776664236.682513,"[[[84 41 33]
  [84 41 33]
  [83 41 34]
  ...
  [84 41 33]
  [84 41 33]
  [84 41 33]]

 [[84 41 33]
  [84 41 33]
  [83 41 34]
  ...
  [84 41 33]
  [84 41 33]
  [84 41 33]]

 [[83 41 34]
  [84 41 33]
  [84 41 33]
  ...
  [84 41 33]
  [84 41 33]
  [84 41 33]]

 ...

 [[48 26 24]
  [48 26 24]
  [48 26 24]
  ...
  [48 26 24]
  [48 26 24]
  [48 26 24]]

 [[48 26 24]
  [48 26 24]
  [48 26 24]
  ...
  [48 26 24]
  [48 26 24]
  [48 26 24]]

 [[48 26 24]
  [48 26 24]
  [48 26 24]
  ...
  [48 26 24]
  [48 26 24]
  [48 26 24]]]",,,,,,,
1776664236.730715,"[[[84 41 33]
  [84 41 33]
  [83 41 34]
  ...
  [84 41 33]
  [84 41 33]
  [84 41 33]]

 [[84 41 33]
  [84 41 33]
  [83 41 34]
  ...
  [84 41 33]
  [84 41 33]
  [84 41 33]]

 [[83 41 34]
  [84 41 33]
  [84 41 33]
  ...
  [84 41 33]
  [84 41 33]
  [84 41 33]]

 ...

 [[48 26 24]
  [48 26 24]
  [48 26 24]
  ...
  [48 26 24]
  [48 26 24]
  [48 26 24]]

 [[48 26 24]
  [48 26 24]
  [48 26 24]
  ...
  [48 26 24]
  [48 26 24]
  [48 26 24]]

 [[48 26 24]
  [48 26 24]
  [48 26 24]
  ...
  [48 26 24]
  [48 26 24]
  [48 26 24]]]",,,,,,,
1776664236.778717,"[[[84 41 33]
  [84 41 33]
  [83 41 34]
  ...
  [84 41 33]
  [84 41 33]
  [84 41 33]]

 [[84 41 33]
  [84 41 33]
  [83 41 34]
  ...
  [84 41 33]
  [84 41 33]
  [84 41 33]]

 [[83 41 34]
  [84 41 33]
  [84 41 33]
  ...
  [84 41 33]
  [84 41 33]
  [84 41 33]]

 ...

 [[48 26 24]
  [48 26 24]
  [48 26 24]
  ...
  [48 26 24]
  [48 26 24]
  [48 26 24]]

 [[48 26 24]
  [48 26 24]
  [48 26 24]
  ...
  [48 26 24]
  [48 26 24]
  [48 26 24]]

 [[48 26 24]
  [48 26 24]
  [48 26 24]
  ...
  [48 26 24]
  [48 26 24]
  [48 26 24]]]",,,,,,,
1776664236.827913,"[[[84 41 33]
  [84 41 33]
  [83 41 34]
  ...
  [84 41 33]
  [84 41 33]
  [84 41 33]]

 [[84 41 33]
  [84 41 33]
  [83 41 34]
  ...
  [84 41 33]
  [84 41 33]
  [84 41 33]]

 [[83 41 34]
  [84 41 33]
  [84 41 33]
  ...
  [84 41 33]
  [84 41 33]
  [84 41 33]]

 ...

 [[48 26 24]
  [48 26 24]
  [48 26 24]
  ...
  [48 26 24]
  [48 26 24]
  [48 26 24]]

 [[48 26 24]
  [48 26 24]
  [48 26 24]
  ...
  [48 26 24]
  [48 26 24]
  [48 26 24]]

 [[48 26 24]
  [48 26 24]
  [48 26 24]
  ...
  [48 26 24]
  [48 26 24]
  [48 26 24]]]",,,,,,,
1776664236.882805,"[[[84 41 33]
  [84 41 33]
  [83 41 34]
  ...
  [84 41 33]
  [84 41 33]
  [84 41 33]]

 [[84 41 33]
  [84 41 33]
  [83 41 34]
  ...
  [84 41 33]
  [84 41 33]
  [84 41 33]]

 [[83 41 34]
  [84 41 33]
  [84 41 33]
  ...
  [84 41 33]
  [84 41 33]
  [84 41 33]]

 ...

 [[48 26 24]
  [48 26 24]
  [48 26 24]
  ...
  [48 26 24]
  [48 26 24]
  [48 26 24]]

 [[48 26 24]
  [48 26 24]
  [48 26 24]
  ...
  [48 26 24]
  [48 26 24]
  [48 26 24]]

 [[48 26 24]
  [48 26 24]
  [48 26 24]
  ...
  [48 26 24]
  [48 26 24]
  [48 26 24]]]",,,,,,,
1776664236.930147,"[[[84 41 33]
  [84 41 33]
  [83 41 34]
  ...
  [84 41 33]
  [84 41 33]
  [84 41 33]]

 [[84 41 33]
  [84 41 33]
  [83 41 34]
  ...
  [84 41 33]
  [84 41 33]
  [84 41 33]]

 [[83 41 34]
  [84 41 33]
  [84 41 33]
  ...
  [84 41 33]
  [84 41 33]
  [84 41 33]]

 ...

 [[48 26 24]
  [48 26 24]
  [48 26 24]
  ...
  [48 26 24]
  [48 26 24]
  [48 26 24]]

 [[48 26 24]
  [48 26 24]
  [48 26 24]
  ...
  [48 26 24]
  [48 26 24]
  [48 26 24]]

 [[48 26 24]
  [48 26 24]
  [48 26 24]
  ...
  [48 26 24]
  [48 26 24]
  [48 26 24]]]",,,,,,,
1776664236.979582,"[[[84 41 33]
  [84 41 33]
  [83 41 34]
  ...
  [84 41 33]
  [84 41 33]
  [84 41 33]]

 [[84 41 33]
  [84 41 33]
  [83 41 34]
  ...
  [84 41 33]
  [84 41 33]
  [84 41 33]]

 [[83 41 34]
  [84 41 33]
  [84 41 33]
  ...
  [84 41 33]
  [84 41 33]
  [84 41 33]]

 ...

 [[48 26 24]
  [48 26 24]
  [48 26 24]
  ...
  [48 26 24]
  [48 26 24]
  [48 26 24]]

 [[48 26 24]
  [48 26 24]
  [48 26 24]
  ...
  [48 26 24]
  [48 26 24]
  [48 26 24]]

 [[48 26 24]
  [48 26 24]
  [48 26 24]
  ...
  [48 26 24]
  [48 26 24]
  [48 26 24]]]",,,,,,,
1776664237.028603,"[[[84 41 33]
  [84 41 33]
  [83 41 34]
  ...
  [84 41 33]
  [84 41 33]
  [84 41 33]]

 [[84 41 33]
  [84 41 33]
  [83 41 34]
  ...
  [84 41 33]
  [84 41 33]
  [84 41 33]]

 [[83 41 34]
  [84 41 33]
  [84 41 33]
  ...
  [84 41 33]
  [84 41 33]
  [84 41 33]]

 ...

 [[48 26 24]
  [48 26 24]
  [48 26 24]
  ...
  [48 26 24]
  [48 26 24]
  [48 26 24]]

 [[48 26 24]
  [48 26 24]
  [48 26 24]
  ...
  [48 26 24]
  [48 26 24]
  [48 26 24]]

 [[48 26 24]
  [48 26 24]
  [48 26 24]
  ...
  [48 26 24]
  [48 26 24]
  [48 26 24]]]",,,,,,,
1776664237.079946,"[[[84 41 33]
  [84 41 33]
  [83 41 34]
  ...
  [84 41 33]
  [84 41 33]
  [84 41 33]]

 [[84 41 33]
  [84 41 33]
  [83 41 34]
  ...
  [84 41 33]
  [84 41 33]
  [84 41 33]]

 [[83 41 34]
  [84 41 33]
  [84 41 33]
  ...
  [84 41 33]
  [84 41 33]
  [84 41 33]]

 ...

 [[48 26 24]
  [48 26 24]
  [48 26 24]
  ...
  [48 26 24]
  [48 26 24]
  [48 26 24]]

 [[48 26 24]
  [48 26 24]
  [48 26 24]
  ...
  [48 26 24]
  [48 26 24]
  [48 26 24]]

 [[48 26 24]
  [48 26 24]
  [48 26 24]
  ...
  [48 26 24]
  [48 26 24]
  [48 26 24]]]",,,,,,,
1776664237.129457,"[[[84 41 33]
  [84 41 33]
  [83 41 34]
  ...
  [84 41 33]
  [84 41 33]
  [84 41 33]]

 [[84 41 33]
  [84 41 33]
  [83 41 34]
  ...
  [84 41 33]
  [84 41 33]
  [84 41 33]]

 [[83 41 34]
  [84 41 33]
  [84 41 33]
  ...
  [84 41 33]
  [84 41 33]
  [84 41 33]]

 ...

 [[48 26 24]
  [48 26 24]
  [48 26 24]
  ...
  [48 26 24]
  [48 26 24]
  [48 26 24]]

 [[48 26 24]
  [48 26 24]
  [48 26 24]
  ...
  [48 26 24]
  [48 26 24]
  [48 26 24]]

 [[48 26 24]
  [48 26 24]
  [48 26 24]
  ...
  [48 26 24]
  [48 26 24]
  [48 26 24]]]",,,,,,,
1776664237.179920,"[[[84 41 33]
  [84 41 33]
  [83 41 34]
  ...
  [84 41 33]
  [84 41 33]
  [84 41 33]]

 [[84 41 33]
  [84 41 33]
  [83 41 34]
  ...
  [84 41 33]
  [84 41 33]
  [84 41 33]]

 [[83 41 34]
  [84 41 33]
  [84 41 33]
  ...
  [84 41 33]
  [84 41 33]
  [84 41 33]]

 ...

 [[48 26 24]
  [48 26 24]
  [48 26 24]
  ...
  [48 26 24]
  [48 26 24]
  [48 26 24]]

 [[48 26 24]
  [48 26 24]
  [48 26 24]
  ...
  [48 26 24]
  [48 26 24]
  [48 26 24]]

 [[48 26 24]
  [48 26 24]
  [48 26 24]
  ...
  [48 26 24]
  [48 26 24]
  [48 26 24]]]",,,,,,,
1776664237.229108,"[[[84 41 33]
  [84 41 33]
  [83 41 34]
  ...
  [84 41 33]
  [84 41 33]
  [84 41 33]]

 [[84 41 33]
  [84 41 33]
  [83 41 34]
  ...
  [84 41 33]
  [84 41 33]
  [84 41 33]]

 [[83 41 34]
  [84 41 33]
  [84 41 33]
  ...
  [84 41 33]
  [84 41 33]
  [84 41 33]]

 ...

 [[48 26 24]
  [48 26 24]
  [48 26 24]
  ...
  [48 26 24]
  [48 26 24]
  [48 26 24]]

 [[48 26 24]
  [48 26 24]
  [48 26 24]
  ...
  [48 26 24]
  [48 26 24]
  [48 26 24]]

 [[48 26 24]
  [48 26 24]
  [48 26 24]
  ...
  [48 26 24]
  [48 26 24]
  [48 26 24]]]",,,,,,,
1776664237.278941,"[[[84 41 33]
  [84 41 33]
  [83 41 34]
  ...
  [84 41 33]
  [84 41 33]
  [84 41 33]]

 [[84 41 33]
  [84 41 33]
  [83 41 34]
  ...
  [84 41 33]
  [84 41 33]
  [84 41 33]]

 [[83 41 34]
  [84 41 33]
  [84 41 33]
  ...
  [84 41 33]
  [84 41 33]
  [84 41 33]]

 ...

 [[48 26 24]
  [48 26 24]
  [48 26 24]
  ...
  [48 26 24]
  [48 26 24]
  [48 26 24]]

 [[48 26 24]
  [48 26 24]
  [48 26 24]
  ...
  [48 26 24]
  [48 26 24]
  [48 26 24]]

 [[48 26 24]
  [48 26 24]
  [48 26 24]
  ...
  [48 26 24]
  [48 26 24]
  [48 26 24]]]",,,,,,,
1776664237.328225,"[[[84 41 33]
  [84 41 33]
  [83 41 34]
  ...
  [84 41 33]
  [84 41 33]
  [84 41 33]]

 [[84 41 33]
  [84 41 33]
  [83 41 34]
  ...
  [84 41 33]
  [84 41 33]
  [84 41 33]]

 [[83 41 34]
  [84 41 33]
  [84 41 33]
  ...
  [84 41 33]
  [84 41 33]
  [84 41 33]]

 ...

 [[48 26 24]
  [48 26 24]
  [48 26 24]
  ...
  [48 26 24]
  [48 26 24]
  [48 26 24]]

 [[48 26 24]
  [48 26 24]
  [48 26 24]
  ...
  [48 26 24]
  [48 26 24]
  [48 26 24]]

 [[48 26 24]
  [48 26 24]
  [48 26 24]
  ...
  [48 26 24]
  [48 26 24]
  [48 26 24]]]",,,,,,,
1776664237.379029,"[[[84 41 33]
  [84 41 33]
  [83 41 34]
  ...
  [84 41 33]
  [84 41 33]
  [84 41 33]]

 [[84 41 33]
  [84 41 33]
  [83 41 34]
  ...
  [84 41 33]
  [84 41 33]
  [84 41 33]]

 [[83 41 34]
  [84 41 33]
  [84 41 33]
  ...
  [84 41 33]
  [84 41 33]
  [84 41 33]]

 ...

 [[48 26 24]
  [48 26 24]
  [48 26 24]
  ...
  [48 26 24]
  [48 26 24]
  [48 26 24]]

 [[48 26 24]
  [48 26 24]
  [48 26 24]
  ...
  [48 26 24]
  [48 26 24]
  [48 26 24]]

 [[48 26 24]
  [48 26 24]
  [48 26 24]
  ...
  [48 26 24]
  [48 26 24]
  [48 26 24]]]",,,,,,,
1776664237.428873,"[[[84 41 33]
  [84 41 33]
  [83 41 34]
  ...
  [84 41 33]
  [84 41 33]
  [84 41 33]]

 [[84 41 33]
  [84 41 33]
  [83 41 34]
  ...
  [84 41 33]
  [84 41 33]
  [84 41 33]]

 [[83 41 34]
  [84 41 33]
  [84 41 33]
  ...
  [84 41 33]
  [84 41 33]
  [84 41 33]]

 ...

 [[48 26 24]
  [48 26 24]
  [48 26 24]
  ...
  [48 26 24]
  [48 26 24]
  [48 26 24]]

 [[48 26 24]
  [48 26 24]
  [48 26 24]
  ...
  [48 26 24]
  [48 26 24]
  [48 26 24]]

 [[48 26 24]
  [48 26 24]
  [48 26 24]
  ...
  [48 26 24]
  [48 26 24]
  [48 26 24]]]",,,,,,,
1776664237.480367,"[[[84 41 33]
  [84 41 33]
  [83 41 34]
  ...
  [84 41 33]
  [84 41 33]
  [84 41 33]]

 [[84 41 33]
  [84 41 33]
  [83 41 34]
  ...
  [84 41 33]
  [84 41 33]
  [84 41 33]]

 [[83 41 34]
  [84 41 33]
  [84 41 33]
  ...
  [84 41 33]
  [84 41 33]
  [84 41 33]]

 ...

 [[48 26 24]
  [48 26 24]
  [48 26 24]
  ...
  [48 26 24]
  [48 26 24]
  [48 26 24]]

 [[48 26 24]
  [48 26 24]
  [48 26 24]
  ...
  [48 26 24]
  [48 26 24]
  [48 26 24]]

 [[48 26 24]
  [48 26 24]
  [48 26 24]
  ...
  [48 26 24]
  [48 26 24]
  [48 26 24]]]",,,,,,,
1776664237.531118,"[[[84 41 33]
  [84 41 33]
  [83 41 34]
  ...
  [84 41 33]
  [84 41 33]
  [84 41 33]]

 [[84 41 33]
  [84 41 33]
  [83 41 34]
  ...
  [84 41 33]
  [84 41 33]
  [84 41 33]]

 [[83 41 34]
  [84 41 33]
  [84 41 33]
  ...
  [84 41 33]
  [84 41 33]
  [84 41 33]]

 ...

 [[48 26 24]
  [48 26 24]
  [48 26 24]
  ...
  [48 26 24]
  [48 26 24]
  [48 26 24]]

 [[48 26 24]
  [48 26 24]
  [48 26 24]
  ...
  [48 26 24]
  [48 26 24]
  [48 26 24]]

 [[48 26 24]
  [48 26 24]
  [48 26 24]
  ...
  [48 26 24]
  [48 26 24]
  [48 26 24]]]",,,,,,,
1776664237.579394,"[[[84 41 33]
  [84 41 33]
  [83 41 34]
  ...
  [84 41 33]
  [84 41 33]
  [84 41 33]]

 [[84 41 33]
  [84 41 33]
  [83 41 34]
  ...
  [84 41 33]
  [84 41 33]
  [84 41 33]]

 [[83 41 34]
  [84 41 33]
  [84 41 33]
  ...
  [84 41 33]
  [84 41 33]
  [84 41 33]]

 ...

 [[48 26 24]
  [48 26 24]
  [48 26 24]
  ...
  [48 26 24]
  [48 26 24]
  [48 26 24]]

 [[48 26 24]
  [48 26 24]
  [48 26 24]
  ...
  [48 26 24]
  [48 26 24]
  [48 26 24]]

 [[48 26 24]
  [48 26 24]
  [48 26 24]
  ...
  [48 26 24]
  [48 26 24]
  [48 26 24]]]",,,,,,,
1776664237.628605,"[[[84 41 33]
  [84 41 33]
  [83 41 34]
  ...
  [84 41 33]
  [84 41 33]
  [84 41 33]]

 [[84 41 33]
  [84 41 33]
  [83 41 34]
  ...
  [84 41 33]
  [84 41 33]
  [84 41 33]]

 [[83 41 34]
  [84 41 33]
  [84 41 33]
  ...
  [84 41 33]
  [84 41 33]
  [84 41 33]]

 ...

 [[48 26 24]
  [48 26 24]
  [48 26 24]
  ...
  [48 26 24]
  [48 26 24]
  [48 26 24]]

 [[48 26 24]
  [48 26 24]
  [48 26 24]
  ...
  [48 26 24]
  [48 26 24]
  [48 26 24]]

 [[48 26 24]
  [48 26 24]
  [48 26 24]
  ...
  [48 26 24]
  [48 26 24]
  [48 26 24]]]",,,,,,,
1776664237.679239,"[[[84 41 33]
  [84 41 33]
  [83 41 34]
  ...
  [84 41 33]
  [84 41 33]
  [84 41 33]]

 [[84 41 33]
  [84 41 33]
  [83 41 34]
  ...
  [84 41 33]
  [84 41 33]
  [84 41 33]]

 [[83 41 34]
  [84 41 33]
  [84 41 33]
  ...
  [84 41 33]
  [84 41 33]
  [84 41 33]]

 ...

 [[48 26 24]
  [48 26 24]
  [48 26 24]
  ...
  [48 26 24]
  [48 26 24]
  [48 26 24]]

 [[48 26 24]
  [48 26 24]
  [48 26 24]
  ...
  [48 26 24]
  [48 26 24]
  [48 26 24]]

 [[48 26 24]
  [48 26 24]
  [48 26 24]
  ...
  [48 26 24]
  [48 26 24]
  [48 26 24]]]",,,,,,,
1776664237.728312,"[[[84 41 33]
  [84 41 33]
  [83 41 34]
  ...
  [84 41 33]
  [84 41 33]
  [84 41 33]]

 [[84 41 33]
  [84 41 33]
  [83 41 34]
  ...
  [84 41 33]
  [84 41 33]
  [84 41 33]]

 [[83 41 34]
  [84 41 33]
  [84 41 33]
  ...
  [84 41 33]
  [84 41 33]
  [84 41 33]]

 ...

 [[48 26 24]
  [48 26 24]
  [48 26 24]
  ...
  [48 26 24]
  [48 26 24]
  [48 26 24]]

 [[48 26 24]
  [48 26 24]
  [48 26 24]
  ...
  [48 26 24]
  [48 26 24]
  [48 26 24]]

 [[48 26 24]
  [48 26 24]
  [48 26 24]
  ...
  [48 26 24]
  [48 26 24]
  [48 26 24]]]",,,,,,,
1776664237.779269,"[[[84 41 33]
  [84 41 33]
  [83 41 34]
  ...
  [84 41 33]
  [84 41 33]
  [84 41 33]]

 [[84 41 33]
  [84 41 33]
  [83 41 34]
  ...
  [84 41 33]
  [84 41 33]
  [84 41 33]]

 [[83 41 34]
  [84 41 33]
  [84 41 33]
  ...
  [84 41 33]
  [84 41 33]
  [84 41 33]]

 ...

 [[48 26 24]
  [48 26 24]
  [48 26 24]
  ...
  [48 26 24]
  [48 26 24]
  [48 26 24]]

 [[48 26 24]
  [48 26 24]
  [48 26 24]
  ...
  [48 26 24]
  [48 26 24]
  [48 26 24]]

 [[48 26 24]
  [48 26 24]
  [48 26 24]
  ...
  [48 26 24]
  [48 26 24]
  [48 26 24]]]",,,,,,,
1776664237.829229,"[[[84 41 33]
  [84 41 33]
  [83 41 34]
  ...
  [84 41 33]
  [84 41 33]
  [84 41 33]]

 [[84 41 33]
  [84 41 33]
  [83 41 34]
  ...
  [84 41 33]
  [84 41 33]
  [84 41 33]]

 [[83 41 34]
  [84 41 33]
  [84 41 33]
  ...
  [84 41 33]
  [84 41 33]
  [84 41 33]]

 ...

 [[48 26 24]
  [48 26 24]
  [48 26 24]
  ...
  [48 26 24]
  [48 26 24]
  [48 26 24]]

 [[48 26 24]
  [48 26 24]
  [48 26 24]
  ...
  [48 26 24]
  [48 26 24]
  [48 26 24]]

 [[48 26 24]
  [48 26 24]
  [48 26 24]
  ...
  [48 26 24]
  [48 26 24]
  [48 26 24]]]",,,,,,,
1776664237.880818,"[[[84 41 33]
  [84 41 33]
  [83 41 34]
  ...
  [84 41 33]
  [84 41 33]
  [84 41 33]]

 [[84 41 33]
  [84 41 33]
  [83 41 34]
  ...
  [84 41 33]
  [84 41 33]
  [84 41 33]]

 [[83 41 34]
  [84 41 33]
  [84 41 33]
  ...
  [84 41 33]
  [84 41 33]
  [84 41 33]]

 ...

 [[48 26 24]
  [48 26 24]
  [48 26 24]
  ...
  [48 26 24]
  [48 26 24]
  [48 26 24]]

 [[48 26 24]
  [48 26 24]
  [48 26 24]
  ...
  [48 26 24]
  [48 26 24]
  [48 26 24]]

 [[48 26 24]
  [48 26 24]
  [48 26 24]
  ...
  [48 26 24]
  [48 26 24]
  [48 26 24]]]",,,,,,,
1776664237.929795,"[[[84 41 33]
  [84 41 33]
  [83 41 34]
  ...
  [84 41 33]
  [84 41 33]
  [84 41 33]]

 [[84 41 33]
  [84 41 33]
  [83 41 34]
  ...
  [84 41 33]
  [84 41 33]
  [84 41 33]]

 [[83 41 34]
  [84 41 33]
  [84 41 33]
  ...
  [84 41 33]
  [84 41 33]
  [84 41 33]]

 ...

 [[48 26 24]
  [48 26 24]
  [48 26 24]
  ...
  [48 26 24]
  [48 26 24]
  [48 26 24]]

 [[48 26 24]
  [48 26 24]
  [48 26 24]
  ...
  [48 26 24]
  [48 26 24]
  [48 26 24]]

 [[48 26 24]
  [48 26 24]
  [48 26 24]
  ...
  [48 26 24]
  [48 26 24]
  [48 26 24]]]",,,,,,,
1776664237.978638,"[[[84 41 33]
  [84 41 33]
  [83 41 34]
  ...
  [84 41 33]
  [84 41 33]
  [84 41 33]]

 [[84 41 33]
  [84 41 33]
  [83 41 34]
  ...
  [84 41 33]
  [84 41 33]
  [84 41 33]]

 [[83 41 34]
  [84 41 33]
  [84 41 33]
  ...
  [84 41 33]
  [84 41 33]
  [84 41 33]]

 ...

 [[48 26 24]
  [48 26 24]
  [48 26 24]
  ...
  [48 26 24]
  [48 26 24]
  [48 26 24]]

 [[48 26 24]
  [48 26 24]
  [48 26 24]
  ...
  [48 26 24]
  [48 26 24]
  [48 26 24]]

 [[48 26 24]
  [48 26 24]
  [48 26 24]
  ...
  [48 26 24]
  [48 26 24]
  [48 26 24]]]",,,,,,,
1776664238.028670,"[[[84 41 33]
  [84 41 33]
  [83 41 34]
  ...
  [84 41 33]
  [84 41 33]
  [84 41 33]]

 [[84 41 33]
  [84 41 33]
  [83 41 34]
  ...
  [84 41 33]
  [84 41 33]
  [84 41 33]]

 [[83 41 34]
  [84 41 33]
  [84 41 33]
  ...
  [84 41 33]
  [84 41 33]
  [84 41 33]]

 ...

 [[48 26 24]
  [48 26 24]
  [48 26 24]
  ...
  [48 26 24]
  [48 26 24]
  [48 26 24]]

 [[48 26 24]
  [48 26 24]
  [48 26 24]
  ...
  [48 26 24]
  [48 26 24]
  [48 26 24]]

 [[48 26 24]
  [48 26 24]
  [48 26 24]
  ...
  [48 26 24]
  [48 26 24]
  [48 26 24]]]",,,,,,,
1776664238.083592,"[[[84 41 33]
  [84 41 33]
  [83 41 34]
  ...
  [84 41 33]
  [84 41 33]
  [84 41 33]]

 [[84 41 33]
  [84 41 33]
  [83 41 34]
  ...
  [84 41 33]
  [84 41 33]
  [84 41 33]]

 [[83 41 34]
  [84 41 33]
  [84 41 33]
  ...
  [84 41 33]
  [84 41 33]
  [84 41 33]]

 ...

 [[48 26 24]
  [48 26 24]
  [48 26 24]
  ...
  [48 26 24]
  [48 26 24]
  [48 26 24]]

 [[48 26 24]
  [48 26 24]
  [48 26 24]
  ...
  [48 26 24]
  [48 26 24]
  [48 26 24]]

 [[48 26 24]
  [48 26 24]
  [48 26 24]
  ...
  [48 26 24]
  [48 26 24]
  [48 26 24]]]",,,,,,,
1776664238.147489,"[[[84 41 33]
  [84 41 33]
  [83 41 34]
  ...
  [84 41 33]
  [84 41 33]
  [84 41 33]]

 [[84 41 33]
  [84 41 33]
  [83 41 34]
  ...
  [84 41 33]
  [84 41 33]
  [84 41 33]]

 [[83 41 34]
  [84 41 33]
  [84 41 33]
  ...
  [84 41 33]
  [84 41 33]
  [84 41 33]]

 ...

 [[48 26 24]
  [48 26 24]
  [48 26 24]
  ...
  [48 26 24]
  [48 26 24]
  [48 26 24]]

 [[48 26 24]
  [48 26 24]
  [48 26 24]
  ...
  [48 26 24]
  [48 26 24]
  [48 26 24]]

 [[48 26 24]
  [48 26 24]
  [48 26 24]
  ...
  [48 26 24]
  [48 26 24]
  [48 26 24]]]",,,,,,,
1776664238.197625,"[[[84 41 33]
  [84 41 33]
  [83 41 34]
  ...
  [84 41 33]
  [84 41 33]
  [84 41 33]]

 [[84 41 33]
  [84 41 33]
  [83 41 34]
  ...
  [84 41 33]
  [84 41 33]
  [84 41 33]]

 [[83 41 34]
  [84 41 33]
  [84 41 33]
  ...
  [84 41 33]
  [84 41 33]
  [84 41 33]]

 ...

 [[48 26 24]
  [48 26 24]
  [48 26 24]
  ...
  [48 26 24]
  [48 26 24]
  [48 26 24]]

 [[48 26 24]
  [48 26 24]
  [48 26 24]
  ...
  [48 26 24]
  [48 26 24]
  [48 26 24]]

 [[48 26 24]
  [48 26 24]
  [48 26 24]
  ...
  [48 26 24]
  [48 26 24]
  [48 26 24]]]",,,,,,,
1776664238.247356,"[[[84 41 33]
  [84 41 33]
  [83 41 34]
  ...
  [84 41 33]
  [84 41 33]
  [84 41 33]]

 [[84 41 33]
  [84 41 33]
  [83 41 34]
  ...
  [84 41 33]
  [84 41 33]
  [84 41 33]]

 [[83 41 34]
  [84 41 33]
  [84 41 33]
  ...
  [84 41 33]
  [84 41 33]
  [84 41 33]]

 ...

 [[48 26 24]
  [48 26 24]
  [48 26 24]
  ...
  [48 26 24]
  [48 26 24]
  [48 26 24]]

 [[48 26 24]
  [48 26 24]
  [48 26 24]
  ...
  [48 26 24]
  [48 26 24]
  [48 26 24]]

 [[48 26 24]
  [48 26 24]
  [48 26 24]
  ...
  [48 26 24]
  [48 26 24]
  [48 26 24]]]",,,,,,,
1776664238.295259,"[[[84 41 33]
  [84 41 33]
  [83 41 34]
  ...
  [84 41 33]
  [84 41 33]
  [84 41 33]]

 [[84 41 33]
  [84 41 33]
  [83 41 34]
  ...
  [84 41 33]
  [84 41 33]
  [84 41 33]]

 [[83 41 34]
  [84 41 33]
  [84 41 33]
  ...
  [84 41 33]
  [84 41 33]
  [84 41 33]]

 ...

 [[48 26 24]
  [48 26 24]
  [48 26 24]
  ...
  [48 26 24]
  [48 26 24]
  [48 26 24]]

 [[48 26 24]
  [48 26 24]
  [48 26 24]
  ...
  [48 26 24]
  [48 26 24]
  [48 26 24]]

 [[48 26 24]
  [48 26 24]
  [48 26 24]
  ...
  [48 26 24]
  [48 26 24]
  [48 26 24]]]",,,,,,,
1776664238.348343,"[[[84 41 33]
  [84 41 33]
  [83 41 34]
  ...
  [84 41 33]
  [84 41 33]
  [84 41 33]]

 [[84 41 33]
  [84 41 33]
  [83 41 34]
  ...
  [84 41 33]
  [84 41 33]
  [84 41 33]]

 [[83 41 34]
  [84 41 33]
  [84 41 33]
  ...
  [84 41 33]
  [84 41 33]
  [84 41 33]]

 ...

 [[48 26 24]
  [48 26 24]
  [48 26 24]
  ...
  [48 26 24]
  [48 26 24]
  [48 26 24]]

 [[48 26 24]
  [48 26 24]
  [48 26 24]
  ...
  [48 26 24]
  [48 26 24]
  [48 26 24]]

 [[48 26 24]
  [48 26 24]
  [48 26 24]
  ...
  [48 26 24]
  [48 26 24]
  [48 26 24]]]",,,,,,,
1776664238.395460,"[[[84 41 33]
  [84 41 33]
  [83 41 34]
  ...
  [84 41 33]
  [84 41 33]
  [84 41 33]]

 [[84 41 33]
  [84 41 33]
  [83 41 34]
  ...
  [84 41 33]
  [84 41 33]
  [84 41 33]]

 [[83 41 34]
  [84 41 33]
  [84 41 33]
  ...
  [84 41 33]
  [84 41 33]
  [84 41 33]]

 ...

 [[48 26 24]
  [48 26 24]
  [48 26 24]
  ...
  [48 26 24]
  [48 26 24]
  [48 26 24]]

 [[48 26 24]
  [48 26 24]
  [48 26 24]
  ...
  [48 26 24]
  [48 26 24]
  [48 26 24]]

 [[48 26 24]
  [48 26 24]
  [48 26 24]
  ...
  [48 26 24]
  [48 26 24]
  [48 26 24]]]",,,,,,,
1776664238.445161,"[[[84 41 33]
  [84 41 33]
  [83 41 34]
  ...
  [84 41 33]
  [84 41 33]
  [84 41 33]]

 [[84 41 33]
  [84 41 33]
  [83 41 34]
  ...
  [84 41 33]
  [84 41 33]
  [84 41 33]]

 [[83 41 34]
  [84 41 33]
  [84 41 33]
  ...
  [84 41 33]
  [84 41 33]
  [84 41 33]]

 ...

 [[48 26 24]
  [48 26 24]
  [48 26 24]
  ...
  [48 26 24]
  [48 26 24]
  [48 26 24]]

 [[48 26 24]
  [48 26 24]
  [48 26 24]
  ...
  [48 26 24]
  [48 26 24]
  [48 26 24]]

 [[48 26 24]
  [48 26 24]
  [48 26 24]
  ...
  [48 26 24]
  [48 26 24]
  [48 26 24]]]",,,,,,,
1776664238.500011,"[[[84 41 33]
  [84 41 33]
  [83 41 34]
  ...
  [84 41 33]
  [84 41 33]
  [84 41 33]]

 [[84 41 33]
  [84 41 33]
  [83 41 34]
  ...
  [84 41 33]
  [84 41 33]
  [84 41 33]]

 [[83 41 34]
  [84 41 33]
  [84 41 33]
  ...
  [84 41 33]
  [84 41 33]
  [84 41 33]]

 ...

 [[48 26 24]
  [48 26 24]
  [48 26 24]
  ...
  [48 26 24]
  [48 26 24]
  [48 26 24]]

 [[48 26 24]
  [48 26 24]
  [48 26 24]
  ...
  [48 26 24]
  [48 26 24]
  [48 26 24]]

 [[48 26 24]
  [48 26 24]
  [48 26 24]
  ...
  [48 26 24]
  [48 26 24]
  [48 26 24]]]",,,,,,,
1776664238.560861,"[[[84 41 33]
  [84 41 33]
  [83 41 34]
  ...
  [84 41 33]
  [84 41 33]
  [84 41 33]]

 [[84 41 33]
  [84 41 33]
  [83 41 34]
  ...
  [84 41 33]
  [84 41 33]
  [84 41 33]]

 [[83 41 34]
  [84 41 33]
  [84 41 33]
  ...
  [84 41 33]
  [84 41 33]
  [84 41 33]]

 ...

 [[48 26 24]
  [48 26 24]
  [48 26 24]
  ...
  [48 26 24]
  [48 26 24]
  [48 26 24]]

 [[48 26 24]
  [48 26 24]
  [48 26 24]
  ...
  [48 26 24]
  [48 26 24]
  [48 26 24]]

 [[48 26 24]
  [48 26 24]
  [48 26 24]
  ...
  [48 26 24]
  [48 26 24]
  [48 26 24]]]",,,,,,,
1776664238.611122,"[[[84 41 33]
  [84 41 33]
  [83 41 34]
  ...
  [84 41 33]
  [84 41 33]
  [84 41 33]]

 [[84 41 33]
  [84 41 33]
  [83 41 34]
  ...
  [84 41 33]
  [84 41 33]
  [84 41 33]]

 [[83 41 34]
  [84 41 33]
  [84 41 33]
  ...
  [84 41 33]
  [84 41 33]
  [84 41 33]]

 ...

 [[48 26 24]
  [48 26 24]
  [48 26 24]
  ...
  [48 26 24]
  [48 26 24]
  [48 26 24]]

 [[48 26 24]
  [48 26 24]
  [48 26 24]
  ...
  [48 26 24]
  [48 26 24]
  [48 26 24]]

 [[48 26 24]
  [48 26 24]
  [48 26 24]
  ...
  [48 26 24]
  [48 26 24]
  [48 26 24]]]",,,,,,,
1776664238.663877,"[[[84 41 33]
  [84 41 33]
  [83 41 34]
  ...
  [84 41 33]
  [84 41 33]
  [84 41 33]]

 [[84 41 33]
  [84 41 33]
  [83 41 34]
  ...
  [84 41 33]
  [84 41 33]
  [84 41 33]]

 [[83 41 34]
  [84 41 33]
  [84 41 33]
  ...
  [84 41 33]
  [84 41 33]
  [84 41 33]]

 ...

 [[48 26 24]
  [48 26 24]
  [48 26 24]
  ...
  [48 26 24]
  [48 26 24]
  [48 26 24]]

 [[48 26 24]
  [48 26 24]
  [48 26 24]
  ...
  [48 26 24]
  [48 26 24]
  [48 26 24]]

 [[48 26 24]
  [48 26 24]
  [48 26 24]
  ...
  [48 26 24]
  [48 26 24]
  [48 26 24]]]",,,,,,,
1776664238.712890,"[[[84 41 33]
  [84 41 33]
  [83 41 34]
  ...
  [84 41 33]
  [84 41 33]
  [84 41 33]]

 [[84 41 33]
  [84 41 33]
  [83 41 34]
  ...
  [84 41 33]
  [84 41 33]
  [84 41 33]]

 [[83 41 34]
  [84 41 33]
  [84 41 33]
  ...
  [84 41 33]
  [84 41 33]
  [84 41 33]]

 ...

 [[48 26 24]
  [48 26 24]
  [48 26 24]
  ...
  [48 26 24]
  [48 26 24]
  [48 26 24]]

 [[48 26 24]
  [48 26 24]
  [48 26 24]
  ...
  [48 26 24]
  [48 26 24]
  [48 26 24]]

 [[48 26 24]
  [48 26 24]
  [48 26 24]
  ...
  [48 26 24]
  [48 26 24]
  [48 26 24]]]",,,,,,,
1776664238.762460,"[[[84 41 33]
  [84 41 33]
  [83 41 34]
  ...
  [84 41 33]
  [84 41 33]
  [84 41 33]]

 [[84 41 33]
  [84 41 33]
  [83 41 34]
  ...
  [84 41 33]
  [84 41 33]
  [84 41 33]]

 [[83 41 34]
  [84 41 33]
  [84 41 33]
  ...
  [84 41 33]
  [84 41 33]
  [84 41 33]]

 ...

 [[48 26 24]
  [48 26 24]
  [48 26 24]
  ...
  [48 26 24]
  [48 26 24]
  [48 26 24]]

 [[48 26 24]
  [48 26 24]
  [48 26 24]
  ...
  [48 26 24]
  [48 26 24]
  [48 26 24]]

 [[48 26 24]
  [48 26 24]
  [48 26 24]
  ...
  [48 26 24]
  [48 26 24]
  [48 26 24]]]",,,,,,,
1776664238.811168,"[[[84 41 33]
  [84 41 33]
  [83 41 34]
  ...
  [84 41 33]
  [84 41 33]
  [84 41 33]]

 [[84 41 33]
  [84 41 33]
  [83 41 34]
  ...
  [84 41 33]
  [84 41 33]
  [84 41 33]]

 [[83 41 34]
  [84 41 33]
  [84 41 33]
  ...
  [84 41 33]
  [84 41 33]
  [84 41 33]]

 ...

 [[48 26 24]
  [48 26 24]
  [48 26 24]
  ...
  [48 26 24]
  [48 26 24]
  [48 26 24]]

 [[48 26 24]
  [48 26 24]
  [48 26 24]
  ...
  [48 26 24]
  [48 26 24]
  [48 26 24]]

 [[48 26 24]
  [48 26 24]
  [48 26 24]
  ...
  [48 26 24]
  [48 26 24]
  [48 26 24]]]",,,,,,,
1776664238.862319,"[[[84 41 33]
  [84 41 33]
  [83 41 34]
  ...
  [84 41 33]
  [84 41 33]
  [84 41 33]]

 [[84 41 33]
  [84 41 33]
  [83 41 34]
  ...
  [84 41 33]
  [84 41 33]
  [84 41 33]]

 [[83 41 34]
  [84 41 33]
  [84 41 33]
  ...
  [84 41 33]
  [84 41 33]
  [84 41 33]]

 ...

 [[48 26 24]
  [48 26 24]
  [48 26 24]
  ...
  [48 26 24]
  [48 26 24]
  [48 26 24]]

 [[48 26 24]
  [48 26 24]
  [48 26 24]
  ...
  [48 26 24]
  [48 26 24]
  [48 26 24]]

 [[48 26 24]
  [48 26 24]
  [48 26 24]
  ...
  [48 26 24]
  [48 26 24]
  [48 26 24]]]",,,,,,,
1776664238.912084,"[[[84 41 33]
  [84 41 33]
  [83 41 34]
  ...
  [84 41 33]
  [84 41 33]
  [84 41 33]]

 [[84 41 33]
  [84 41 33]
  [83 41 34]
  ...
  [84 41 33]
  [84 41 33]
  [84 41 33]]

 [[83 41 34]
  [84 41 33]
  [84 41 33]
  ...
  [84 41 33]
  [84 41 33]
  [84 41 33]]

 ...

 [[48 26 24]
  [48 26 24]
  [48 26 24]
  ...
  [48 26 24]
  [48 26 24]
  [48 26 24]]

 [[48 26 24]
  [48 26 24]
  [48 26 24]
  ...
  [48 26 24]
  [48 26 24]
  [48 26 24]]

 [[48 26 24]
  [48 26 24]
  [48 26 24]
  ...
  [48 26 24]
  [48 26 24]
  [48 26 24]]]",,,,,,,
1776664238.963753,"[[[84 41 33]
  [84 41 33]
  [83 41 34]
  ...
  [84 41 33]
  [84 41 33]
  [84 41 33]]

 [[84 41 33]
  [84 41 33]
  [83 41 34]
  ...
  [84 41 33]
  [84 41 33]
  [84 41 33]]

 [[83 41 34]
  [84 41 33]
  [84 41 33]
  ...
  [84 41 33]
  [84 41 33]
  [84 41 33]]

 ...

 [[48 26 24]
  [48 26 24]
  [48 26 24]
  ...
  [48 26 24]
  [48 26 24]
  [48 26 24]]

 [[48 26 24]
  [48 26 24]
  [48 26 24]
  ...
  [48 26 24]
  [48 26 24]
  [48 26 24]]

 [[48 26 24]
  [48 26 24]
  [48 26 24]
  ...
  [48 26 24]
  [48 26 24]
  [48 26 24]]]",,,,,,,
1776664239.016151,"[[[84 41 33]
  [84 41 33]
  [83 41 34]
  ...
  [84 41 33]
  [84 41 33]
  [84 41 33]]

 [[84 41 33]
  [84 41 33]
  [83 41 34]
  ...
  [84 41 33]
  [84 41 33]
  [84 41 33]]

 [[83 41 34]
  [84 41 33]
  [84 41 33]
  ...
  [84 41 33]
  [84 41 33]
  [84 41 33]]

 ...

 [[48 26 24]
  [48 26 24]
  [48 26 24]
  ...
  [48 26 24]
  [48 26 24]
  [48 26 24]]

 [[48 26 24]
  [48 26 24]
  [48 26 24]
  ...
  [48 26 24]
  [48 26 24]
  [48 26 24]]

 [[48 26 24]
  [48 26 24]
  [48 26 24]
  ...
  [48 26 24]
  [48 26 24]
  [48 26 24]]]",,,,,,,
1776664239.062897,"[[[84 41 33]
  [84 41 33]
  [83 41 34]
  ...
  [84 41 33]
  [84 41 33]
  [84 41 33]]

 [[84 41 33]
  [84 41 33]
  [83 41 34]
  ...
  [84 41 33]
  [84 41 33]
  [84 41 33]]

 [[83 41 34]
  [84 41 33]
  [84 41 33]
  ...
  [84 41 33]
  [84 41 33]
  [84 41 33]]

 ...

 [[48 26 24]
  [48 26 24]
  [48 26 24]
  ...
  [48 26 24]
  [48 26 24]
  [48 26 24]]

 [[48 26 24]
  [48 26 24]
  [48 26 24]
  ...
  [48 26 24]
  [48 26 24]
  [48 26 24]]

 [[48 26 24]
  [48 26 24]
  [48 26 24]
  ...
  [48 26 24]
  [48 26 24]
  [48 26 24]]]",,,,,,,
1776664239.114468,"[[[84 41 33]
  [84 41 33]
  [83 41 34]
  ...
  [84 41 33]
  [84 41 33]
  [84 41 33]]

 [[84 41 33]
  [84 41 33]
  [83 41 34]
  ...
  [84 41 33]
  [84 41 33]
  [84 41 33]]

 [[83 41 34]
  [84 41 33]
  [84 41 33]
  ...
  [84 41 33]
  [84 41 33]
  [84 41 33]]

 ...

 [[48 26 24]
  [48 26 24]
  [48 26 24]
  ...
  [48 26 24]
  [48 26 24]
  [48 26 24]]

 [[48 26 24]
  [48 26 24]
  [48 26 24]
  ...
  [48 26 24]
  [48 26 24]
  [48 26 24]]

 [[48 26 24]
  [48 26 24]
  [48 26 24]
  ...
  [48 26 24]
  [48 26 24]
  [48 26 24]]]",,,,,,,
1776664239.162393,"[[[84 41 33]
  [84 41 33]
  [83 41 34]
  ...
  [84 41 33]
  [84 41 33]
  [84 41 33]]

 [[84 41 33]
  [84 41 33]
  [83 41 34]
  ...
  [84 41 33]
  [84 41 33]
  [84 41 33]]

 [[83 41 34]
  [84 41 33]
  [84 41 33]
  ...
  [84 41 33]
  [84 41 33]
  [84 41 33]]

 ...

 [[48 26 24]
  [48 26 24]
  [48 26 24]
  ...
  [48 26 24]
  [48 26 24]
  [48 26 24]]

 [[48 26 24]
  [48 26 24]
  [48 26 24]
  ...
  [48 26 24]
  [48 26 24]
  [48 26 24]]

 [[48 26 24]
  [48 26 24]
  [48 26 24]
  ...
  [48 26 24]
  [48 26 24]
  [48 26 24]]]",,,,,,,
1776664239.213622,"[[[84 41 33]
  [84 41 33]
  [83 41 34]
  ...
  [84 41 33]
  [84 41 33]
  [84 41 33]]

 [[84 41 33]
  [84 41 33]
  [83 41 34]
  ...
  [84 41 33]
  [84 41 33]
  [84 41 33]]

 [[83 41 34]
  [84 41 33]
  [84 41 33]
  ...
  [84 41 33]
  [84 41 33]
  [84 41 33]]

 ...

 [[48 26 24]
  [48 26 24]
  [48 26 24]
  ...
  [48 26 24]
  [48 26 24]
  [48 26 24]]

 [[48 26 24]
  [48 26 24]
  [48 26 24]
  ...
  [48 26 24]
  [48 26 24]
  [48 26 24]]

 [[48 26 24]
  [48 26 24]
  [48 26 24]
  ...
  [48 26 24]
  [48 26 24]
  [48 26 24]]]",,,,,,,
1776664239.263836,"[[[84 41 33]
  [84 41 33]
  [83 41 34]
  ...
  [84 41 33]
  [84 41 33]
  [84 41 33]]

 [[84 41 33]
  [84 41 33]
  [83 41 34]
  ...
  [84 41 33]
  [84 41 33]
  [84 41 33]]

 [[83 41 34]
  [84 41 33]
  [84 41 33]
  ...
  [84 41 33]
  [84 41 33]
  [84 41 33]]

 ...

 [[48 26 24]
  [48 26 24]
  [48 26 24]
  ...
  [48 26 24]
  [48 26 24]
  [48 26 24]]

 [[48 26 24]
  [48 26 24]
  [48 26 24]
  ...
  [48 26 24]
  [48 26 24]
  [48 26 24]]

 [[48 26 24]
  [48 26 24]
  [48 26 24]
  ...
  [48 26 24]
  [48 26 24]
  [48 26 24]]]",,,,,,,
1776664239.313052,"[[[84 41 33]
  [84 41 33]
  [83 41 34]
  ...
  [84 41 33]
  [84 41 33]
  [84 41 33]]

 [[84 41 33]
  [84 41 33]
  [83 41 34]
  ...
  [84 41 33]
  [84 41 33]
  [84 41 33]]

 [[83 41 34]
  [84 41 33]
  [84 41 33]
  ...
  [84 41 33]
  [84 41 33]
  [84 41 33]]

 ...

 [[48 26 24]
  [48 26 24]
  [48 26 24]
  ...
  [48 26 24]
  [48 26 24]
  [48 26 24]]

 [[48 26 24]
  [48 26 24]
  [48 26 24]
  ...
  [48 26 24]
  [48 26 24]
  [48 26 24]]

 [[48 26 24]
  [48 26 24]
  [48 26 24]
  ...
  [48 26 24]
  [48 26 24]
  [48 26 24]]]",,,,,,,
1776664239.365136,"[[[84 41 33]
  [84 41 33]
  [83 41 34]
  ...
  [84 41 33]
  [84 41 33]
  [84 41 33]]

 [[84 41 33]
  [84 41 33]
  [83 41 34]
  ...
  [84 41 33]
  [84 41 33]
  [84 41 33]]

 [[83 41 34]
  [84 41 33]
  [84 41 33]
  ...
  [84 41 33]
  [84 41 33]
  [84 41 33]]

 ...

 [[48 26 24]
  [48 26 24]
  [48 26 24]
  ...
  [48 26 24]
  [48 26 24]
  [48 26 24]]

 [[48 26 24]
  [48 26 24]
  [48 26 24]
  ...
  [48 26 24]
  [48 26 24]
  [48 26 24]]

 [[48 26 24]
  [48 26 24]
  [48 26 24]
  ...
  [48 26 24]
  [48 26 24]
  [48 26 24]]]",,,,,,,
1776664239.413899,"[[[84 41 33]
  [84 41 33]
  [83 41 34]
  ...
  [84 41 33]
  [84 41 33]
  [84 41 33]]

 [[84 41 33]
  [84 41 33]
  [83 41 34]
  ...
  [84 41 33]
  [84 41 33]
  [84 41 33]]

 [[83 41 34]
  [84 41 33]
  [84 41 33]
  ...
  [84 41 33]
  [84 41 33]
  [84 41 33]]

 ...

 [[48 26 24]
  [48 26 24]
  [48 26 24]
  ...
  [48 26 24]
  [48 26 24]
  [48 26 24]]

 [[48 26 24]
  [48 26 24]
  [48 26 24]
  ...
  [48 26 24]
  [48 26 24]
  [48 26 24]]

 [[48 26 24]
  [48 26 24]
  [48 26 24]
  ...
  [48 26 24]
  [48 26 24]
  [48 26 24]]]",,,,,,,
1776664239.461151,"[[[84 41 33]
  [84 41 33]
  [83 41 34]
  ...
  [84 41 33]
  [84 41 33]
  [84 41 33]]

 [[84 41 33]
  [84 41 33]
  [83 41 34]
  ...
  [84 41 33]
  [84 41 33]
  [84 41 33]]

 [[83 41 34]
  [84 41 33]
  [84 41 33]
  ...
  [84 41 33]
  [84 41 33]
  [84 41 33]]

 ...

 [[48 26 24]
  [48 26 24]
  [48 26 24]
  ...
  [48 26 24]
  [48 26 24]
  [48 26 24]]

 [[48 26 24]
  [48 26 24]
  [48 26 24]
  ...
  [48 26 24]
  [48 26 24]
  [48 26 24]]

 [[48 26 24]
  [48 26 24]
  [48 26 24]
  ...
  [48 26 24]
  [48 26 24]
  [48 26 24]]]",,,,,,,
1776664239.512839,"[[[84 41 33]
  [84 41 33]
  [83 41 34]
  ...
  [84 41 33]
  [84 41 33]
  [84 41 33]]

 [[84 41 33]
  [84 41 33]
  [83 41 34]
  ...
  [84 41 33]
  [84 41 33]
  [84 41 33]]

 [[83 41 34]
  [84 41 33]
  [84 41 33]
  ...
  [84 41 33]
  [84 41 33]
  [84 41 33]]

 ...

 [[48 26 24]
  [48 26 24]
  [48 26 24]
  ...
  [48 26 24]
  [48 26 24]
  [48 26 24]]

 [[48 26 24]
  [48 26 24]
  [48 26 24]
  ...
  [48 26 24]
  [48 26 24]
  [48 26 24]]

 [[48 26 24]
  [48 26 24]
  [48 26 24]
  ...
  [48 26 24]
  [48 26 24]
  [48 26 24]]]",,,,,,,
1776664239.563967,"[[[84 41 33]
  [84 41 33]
  [83 41 34]
  ...
  [84 41 33]
  [84 41 33]
  [84 41 33]]

 [[84 41 33]
  [84 41 33]
  [83 41 34]
  ...
  [84 41 33]
  [84 41 33]
  [84 41 33]]

 [[83 41 34]
  [84 41 33]
  [84 41 33]
  ...
  [84 41 33]
  [84 41 33]
  [84 41 33]]

 ...

 [[48 26 24]
  [48 26 24]
  [48 26 24]
  ...
  [48 26 24]
  [48 26 24]
  [48 26 24]]

 [[48 26 24]
  [48 26 24]
  [48 26 24]
  ...
  [48 26 24]
  [48 26 24]
  [48 26 24]]

 [[48 26 24]
  [48 26 24]
  [48 26 24]
  ...
  [48 26 24]
  [48 26 24]
  [48 26 24]]]",,,,,,,
1776664239.612888,"[[[84 41 33]
  [84 41 33]
  [83 41 34]
  ...
  [84 41 33]
  [84 41 33]
  [84 41 33]]

 [[84 41 33]
  [84 41 33]
  [83 41 34]
  ...
  [84 41 33]
  [84 41 33]
  [84 41 33]]

 [[83 41 34]
  [84 41 33]
  [84 41 33]
  ...
  [84 41 33]
  [84 41 33]
  [84 41 33]]

 ...

 [[48 26 24]
  [48 26 24]
  [48 26 24]
  ...
  [48 26 24]
  [48 26 24]
  [48 26 24]]

 [[48 26 24]
  [48 26 24]
  [48 26 24]
  ...
  [48 26 24]
  [48 26 24]
  [48 26 24]]

 [[48 26 24]
  [48 26 24]
  [48 26 24]
  ...
  [48 26 24]
  [48 26 24]
  [48 26 24]]]",,,,,,,
1776664239.666062,"[[[84 41 33]
  [84 41 33]
  [83 41 34]
  ...
  [84 41 33]
  [84 41 33]
  [84 41 33]]

 [[84 41 33]
  [84 41 33]
  [83 41 34]
  ...
  [84 41 33]
  [84 41 33]
  [84 41 33]]

 [[83 41 34]
  [84 41 33]
  [84 41 33]
  ...
  [84 41 33]
  [84 41 33]
  [84 41 33]]

 ...

 [[48 26 24]
  [48 26 24]
  [48 26 24]
  ...
  [48 26 24]
  [48 26 24]
  [48 26 24]]

 [[48 26 24]
  [48 26 24]
  [48 26 24]
  ...
  [48 26 24]
  [48 26 24]
  [48 26 24]]

 [[48 26 24]
  [48 26 24]
  [48 26 24]
  ...
  [48 26 24]
  [48 26 24]
  [48 26 24]]]",,,,,,,
1776664239.715118,"[[[84 41 33]
  [84 41 33]
  [83 41 34]
  ...
  [84 41 33]
  [84 41 33]
  [84 41 33]]

 [[84 41 33]
  [84 41 33]
  [83 41 34]
  ...
  [84 41 33]
  [84 41 33]
  [84 41 33]]

 [[83 41 34]
  [84 41 33]
  [84 41 33]
  ...
  [84 41 33]
  [84 41 33]
  [84 41 33]]

 ...

 [[48 26 24]
  [48 26 24]
  [48 26 24]
  ...
  [48 26 24]
  [48 26 24]
  [48 26 24]]

 [[48 26 24]
  [48 26 24]
  [48 26 24]
  ...
  [48 26 24]
  [48 26 24]
  [48 26 24]]

 [[48 26 24]
  [48 26 24]
  [48 26 24]
  ...
  [48 26 24]
  [48 26 24]
  [48 26 24]]]",,,,,,,
1776664239.780533,"[[[84 41 33]
  [84 41 33]
  [83 41 34]
  ...
  [84 41 33]
  [84 41 33]
  [84 41 33]]

 [[84 41 33]
  [84 41 33]
  [83 41 34]
  ...
  [84 41 33]
  [84 41 33]
  [84 41 33]]

 [[83 41 34]
  [84 41 33]
  [84 41 33]
  ...
  [84 41 33]
  [84 41 33]
  [84 41 33]]

 ...

 [[48 26 24]
  [48 26 24]
  [48 26 24]
  ...
  [48 26 24]
  [48 26 24]
  [48 26 24]]

 [[48 26 24]
  [48 26 24]
  [48 26 24]
  ...
  [48 26 24]
  [48 26 24]
  [48 26 24]]

 [[48 26 24]
  [48 26 24]
  [48 26 24]
  ...
  [48 26 24]
  [48 26 24]
  [48 26 24]]]",,,,,,,
1776664239.847067,"[[[84 41 33]
  [84 41 33]
  [83 41 34]
  ...
  [84 41 33]
  [84 41 33]
  [84 41 33]]

 [[84 41 33]
  [84 41 33]
  [83 41 34]
  ...
  [84 41 33]
  [84 41 33]
  [84 41 33]]

 [[83 41 34]
  [84 41 33]
  [84 41 33]
  ...
  [84 41 33]
  [84 41 33]
  [84 41 33]]

 ...

 [[48 26 24]
  [48 26 24]
  [48 26 24]
  ...
  [48 26 24]
  [48 26 24]
  [48 26 24]]

 [[48 26 24]
  [48 26 24]
  [48 26 24]
  ...
  [48 26 24]
  [48 26 24]
  [48 26 24]]

 [[48 26 24]
  [48 26 24]
  [48 26 24]
  ...
  [48 26 24]
  [48 26 24]
  [48 26 24]]]",,,,,,,
1776664239.915295,"[[[84 41 33]
  [84 41 33]
  [83 41 34]
  ...
  [84 41 33]
  [84 41 33]
  [84 41 33]]

 [[84 41 33]
  [84 41 33]
  [83 41 34]
  ...
  [84 41 33]
  [84 41 33]
  [84 41 33]]

 [[83 41 34]
  [84 41 33]
  [84 41 33]
  ...
  [84 41 33]
  [84 41 33]
  [84 41 33]]

 ...

 [[48 26 24]
  [48 26 24]
  [48 26 24]
  ...
  [48 26 24]
  [48 26 24]
  [48 26 24]]

 [[48 26 24]
  [48 26 24]
  [48 26 24]
  ...
  [48 26 24]
  [48 26 24]
  [48 26 24]]

 [[48 26 24]
  [48 26 24]
  [48 26 24]
  ...
  [48 26 24]
  [48 26 24]
  [48 26 24]]]",,,,,,,
1776664239.982058,"[[[84 41 33]
  [84 41 33]
  [83 41 34]
  ...
  [84 41 33]
  [84 41 33]
  [84 41 33]]

 [[84 41 33]
  [84 41 33]
  [83 41 34]
  ...
  [84 41 33]
  [84 41 33]
  [84 41 33]]

 [[83 41 34]
  [84 41 33]
  [84 41 33]
  ...
  [84 41 33]
  [84 41 33]
  [84 41 33]]

 ...

 [[48 26 24]
  [48 26 24]
  [48 26 24]
  ...
  [48 26 24]
  [48 26 24]
  [48 26 24]]

 [[48 26 24]
  [48 26 24]
  [48 26 24]
  ...
  [48 26 24]
  [48 26 24]
  [48 26 24]]

 [[48 26 24]
  [48 26 24]
  [48 26 24]
  ...
  [48 26 24]
  [48 26 24]
  [48 26 24]]]",,,,,,,
1776664240.047482,"[[[84 41 33]
  [84 41 33]
  [83 41 34]
  ...
  [84 41 33]
  [84 41 33]
  [84 41 33]]

 [[84 41 33]
  [84 41 33]
  [83 41 34]
  ...
  [84 41 33]
  [84 41 33]
  [84 41 33]]

 [[83 41 34]
  [84 41 33]
  [84 41 33]
  ...
  [84 41 33]
  [84 41 33]
  [84 41 33]]

 ...

 [[48 26 24]
  [48 26 24]
  [48 26 24]
  ...
  [48 26 24]
  [48 26 24]
  [48 26 24]]

 [[48 26 24]
  [48 26 24]
  [48 26 24]
  ...
  [48 26 24]
  [48 26 24]
  [48 26 24]]

 [[48 26 24]
  [48 26 24]
  [48 26 24]
  ...
  [48 26 24]
  [48 26 24]
  [48 26 24]]]",,,,,,,
1776664240.115684,"[[[84 41 33]
  [84 41 33]
  [83 41 34]
  ...
  [84 41 33]
  [84 41 33]
  [84 41 33]]

 [[84 41 33]
  [84 41 33]
  [83 41 34]
  ...
  [84 41 33]
  [84 41 33]
  [84 41 33]]

 [[83 41 34]
  [84 41 33]
  [84 41 33]
  ...
  [84 41 33]
  [84 41 33]
  [84 41 33]]

 ...

 [[48 26 24]
  [48 26 24]
  [48 26 24]
  ...
  [48 26 24]
  [48 26 24]
  [48 26 24]]

 [[48 26 24]
  [48 26 24]
  [48 26 24]
  ...
  [48 26 24]
  [48 26 24]
  [48 26 24]]

 [[48 26 24]
  [48 26 24]
  [48 26 24]
  ...
  [48 26 24]
  [48 26 24]
  [48 26 24]]]",,,,,,,
1776664240.181556,"[[[84 41 33]
  [84 41 33]
  [83 41 34]
  ...
  [84 41 33]
  [84 41 33]
  [84 41 33]]

 [[84 41 33]
  [84 41 33]
  [83 41 34]
  ...
  [84 41 33]
  [84 41 33]
  [84 41 33]]

 [[83 41 34]
  [84 41 33]
  [84 41 33]
  ...
  [84 41 33]
  [84 41 33]
  [84 41 33]]

 ...

 [[48 26 24]
  [48 26 24]
  [48 26 24]
  ...
  [48 26 24]
  [48 26 24]
  [48 26 24]]

 [[48 26 24]
  [48 26 24]
  [48 26 24]
  ...
  [48 26 24]
  [48 26 24]
  [48 26 24]]

 [[48 26 24]
  [48 26 24]
  [48 26 24]
  ...
  [48 26 24]
  [48 26 24]
  [48 26 24]]]",,,,,,,
1776664240.247047,"[[[84 41 33]
  [84 41 33]
  [83 41 34]
  ...
  [84 41 33]
  [84 41 33]
  [84 41 33]]

 [[84 41 33]
  [84 41 33]
  [83 41 34]
  ...
  [84 41 33]
  [84 41 33]
  [84 41 33]]

 [[83 41 34]
  [84 41 33]
  [84 41 33]
  ...
  [84 41 33]
  [84 41 33]
  [84 41 33]]

 ...

 [[48 26 24]
  [48 26 24]
  [48 26 24]
  ...
  [48 26 24]
  [48 26 24]
  [48 26 24]]

 [[48 26 24]
  [48 26 24]
  [48 26 24]
  ...
  [48 26 24]
  [48 26 24]
  [48 26 24]]

 [[48 26 24]
  [48 26 24]
  [48 26 24]
  ...
  [48 26 24]
  [48 26 24]
  [48 26 24]]]",,,,,,,
1776664240.314746,"[[[84 41 33]
  [84 41 33]
  [83 41 34]
  ...
  [84 41 33]
  [84 41 33]
  [84 41 33]]

 [[84 41 33]
  [84 41 33]
  [83 41 34]
  ...
  [84 41 33]
  [84 41 33]
  [84 41 33]]

 [[83 41 34]
  [84 41 33]
  [84 41 33]
  ...
  [84 41 33]
  [84 41 33]
  [84 41 33]]

 ...

 [[48 26 24]
  [48 26 24]
  [48 26 24]
  ...
  [48 26 24]
  [48 26 24]
  [48 26 24]]

 [[48 26 24]
  [48 26 24]
  [48 26 24]
  ...
  [48 26 24]
  [48 26 24]
  [48 26 24]]

 [[48 26 24]
  [48 26 24]
  [48 26 24]
  ...
  [48 26 24]
  [48 26 24]
  [48 26 24]]]",,,,,,,
1776664240.364964,"[[[84 41 33]
  [84 41 33]
  [83 41 34]
  ...
  [84 41 33]
  [84 41 33]
  [84 41 33]]

 [[84 41 33]
  [84 41 33]
  [83 41 34]
  ...
  [84 41 33]
  [84 41 33]
  [84 41 33]]

 [[83 41 34]
  [84 41 33]
  [84 41 33]
  ...
  [84 41 33]
  [84 41 33]
  [84 41 33]]

 ...

 [[48 26 24]
  [48 26 24]
  [48 26 24]
  ...
  [48 26 24]
  [48 26 24]
  [48 26 24]]

 [[48 26 24]
  [48 26 24]
  [48 26 24]
  ...
  [48 26 24]
  [48 26 24]
  [48 26 24]]

 [[48 26 24]
  [48 26 24]
  [48 26 24]
  ...
  [48 26 24]
  [48 26 24]
  [48 26 24]]]",,,,,,,
1776664240.431322,"[[[84 41 33]
  [84 41 33]
  [83 41 34]
  ...
  [84 41 33]
  [84 41 33]
  [84 41 33]]

 [[84 41 33]
  [84 41 33]
  [83 41 34]
  ...
  [84 41 33]
  [84 41 33]
  [84 41 33]]

 [[83 41 34]
  [84 41 33]
  [84 41 33]
  ...
  [84 41 33]
  [84 41 33]
  [84 41 33]]

 ...

 [[48 26 24]
  [48 26 24]
  [48 26 24]
  ...
  [48 26 24]
  [48 26 24]
  [48 26 24]]

 [[48 26 24]
  [48 26 24]
  [48 26 24]
  ...
  [48 26 24]
  [48 26 24]
  [48 26 24]]

 [[48 26 24]
  [48 26 24]
  [48 26 24]
  ...
  [48 26 24]
  [48 26 24]
  [48 26 24]]]",,,,,,,
1776664240.482285,"[[[84 41 33]
  [84 41 33]
  [83 41 34]
  ...
  [84 41 33]
  [84 41 33]
  [84 41 33]]

 [[84 41 33]
  [84 41 33]
  [83 41 34]
  ...
  [84 41 33]
  [84 41 33]
  [84 41 33]]

 [[83 41 34]
  [84 41 33]
  [84 41 33]
  ...
  [84 41 33]
  [84 41 33]
  [84 41 33]]

 ...

 [[48 26 24]
  [48 26 24]
  [48 26 24]
  ...
  [48 26 24]
  [48 26 24]
  [48 26 24]]

 [[48 26 24]
  [48 26 24]
  [48 26 24]
  ...
  [48 26 24]
  [48 26 24]
  [48 26 24]]

 [[48 26 24]
  [48 26 24]
  [48 26 24]
  ...
  [48 26 24]
  [48 26 24]
  [48 26 24]]]",,,,,,,
1776664240.531624,"[[[84 41 33]
  [84 41 33]
  [83 41 34]
  ...
  [84 41 33]
  [84 41 33]
  [84 41 33]]

 [[84 41 33]
  [84 41 33]
  [83 41 34]
  ...
  [84 41 33]
  [84 41 33]
  [84 41 33]]

 [[83 41 34]
  [84 41 33]
  [84 41 33]
  ...
  [84 41 33]
  [84 41 33]
  [84 41 33]]

 ...

 [[48 26 24]
  [48 26 24]
  [48 26 24]
  ...
  [48 26 24]
  [48 26 24]
  [48 26 24]]

 [[48 26 24]
  [48 26 24]
  [48 26 24]
  ...
  [48 26 24]
  [48 26 24]
  [48 26 24]]

 [[48 26 24]
  [48 26 24]
  [48 26 24]
  ...
  [48 26 24]
  [48 26 24]
  [48 26 24]]]",,,,,,,
1776664240.578691,"[[[84 41 33]
  [84 41 33]
  [83 41 34]
  ...
  [84 41 33]
  [84 41 33]
  [84 41 33]]

 [[84 41 33]
  [84 41 33]
  [83 41 34]
  ...
  [84 41 33]
  [84 41 33]
  [84 41 33]]

 [[83 41 34]
  [84 41 33]
  [84 41 33]
  ...
  [84 41 33]
  [84 41 33]
  [84 41 33]]

 ...

 [[48 26 24]
  [48 26 24]
  [48 26 24]
  ...
  [48 26 24]
  [48 26 24]
  [48 26 24]]

 [[48 26 24]
  [48 26 24]
  [48 26 24]
  ...
  [48 26 24]
  [48 26 24]
  [48 26 24]]

 [[48 26 24]
  [48 26 24]
  [48 26 24]
  ...
  [48 26 24]
  [48 26 24]
  [48 26 24]]]",,,,,,,
1776664240.628392,"[[[84 41 33]
  [84 41 33]
  [83 41 34]
  ...
  [84 41 33]
  [84 41 33]
  [84 41 33]]

 [[84 41 33]
  [84 41 33]
  [83 41 34]
  ...
  [84 41 33]
  [84 41 33]
  [84 41 33]]

 [[83 41 34]
  [84 41 33]
  [84 41 33]
  ...
  [84 41 33]
  [84 41 33]
  [84 41 33]]

 ...

 [[48 26 24]
  [48 26 24]
  [48 26 24]
  ...
  [48 26 24]
  [48 26 24]
  [48 26 24]]

 [[48 26 24]
  [48 26 24]
  [48 26 24]
  ...
  [48 26 24]
  [48 26 24]
  [48 26 24]]

 [[48 26 24]
  [48 26 24]
  [48 26 24]
  ...
  [48 26 24]
  [48 26 24]
  [48 26 24]]]",,,,,,,
1776664240.680397,"[[[84 41 33]
  [84 41 33]
  [83 41 34]
  ...
  [84 41 33]
  [84 41 33]
  [84 41 33]]

 [[84 41 33]
  [84 41 33]
  [83 41 34]
  ...
  [84 41 33]
  [84 41 33]
  [84 41 33]]

 [[83 41 34]
  [84 41 33]
  [84 41 33]
  ...
  [84 41 33]
  [84 41 33]
  [84 41 33]]

 ...

 [[48 26 24]
  [48 26 24]
  [48 26 24]
  ...
  [48 26 24]
  [48 26 24]
  [48 26 24]]

 [[48 26 24]
  [48 26 24]
  [48 26 24]
  ...
  [48 26 24]
  [48 26 24]
  [48 26 24]]

 [[48 26 24]
  [48 26 24]
  [48 26 24]
  ...
  [48 26 24]
  [48 26 24]
  [48 26 24]]]",,,,,,,
1776664240.728349,"[[[84 41 33]
  [84 41 33]
  [83 41 34]
  ...
  [84 41 33]
  [84 41 33]
  [84 41 33]]

 [[84 41 33]
  [84 41 33]
  [83 41 34]
  ...
  [84 41 33]
  [84 41 33]
  [84 41 33]]

 [[83 41 34]
  [84 41 33]
  [84 41 33]
  ...
  [84 41 33]
  [84 41 33]
  [84 41 33]]

 ...

 [[48 26 24]
  [48 26 24]
  [48 26 24]
  ...
  [48 26 24]
  [48 26 24]
  [48 26 24]]

 [[48 26 24]
  [48 26 24]
  [48 26 24]
  ...
  [48 26 24]
  [48 26 24]
  [48 26 24]]

 [[48 26 24]
  [48 26 24]
  [48 26 24]
  ...
  [48 26 24]
  [48 26 24]
  [48 26 24]]]",,,,,,,
1776664240.777856,"[[[84 41 33]
  [84 41 33]
  [83 41 34]
  ...
  [84 41 33]
  [84 41 33]
  [84 41 33]]

 [[84 41 33]
  [84 41 33]
  [83 41 34]
  ...
  [84 41 33]
  [84 41 33]
  [84 41 33]]

 [[83 41 34]
  [84 41 33]
  [84 41 33]
  ...
  [84 41 33]
  [84 41 33]
  [84 41 33]]

 ...

 [[48 26 24]
  [48 26 24]
  [48 26 24]
  ...
  [48 26 24]
  [48 26 24]
  [48 26 24]]

 [[48 26 24]
  [48 26 24]
  [48 26 24]
  ...
  [48 26 24]
  [48 26 24]
  [48 26 24]]

 [[48 26 24]
  [48 26 24]
  [48 26 24]
  ...
  [48 26 24]
  [48 26 24]
  [48 26 24]]]",,,,,,,
1776664240.828035,"[[[84 41 33]
  [84 41 33]
  [83 41 34]
  ...
  [84 41 33]
  [84 41 33]
  [84 41 33]]

 [[84 41 33]
  [84 41 33]
  [83 41 34]
  ...
  [84 41 33]
  [84 41 33]
  [84 41 33]]

 [[83 41 34]
  [84 41 33]
  [84 41 33]
  ...
  [84 41 33]
  [84 41 33]
  [84 41 33]]

 ...

 [[48 26 24]
  [48 26 24]
  [48 26 24]
  ...
  [48 26 24]
  [48 26 24]
  [48 26 24]]

 [[48 26 24]
  [48 26 24]
  [48 26 24]
  ...
  [48 26 24]
  [48 26 24]
  [48 26 24]]

 [[48 26 24]
  [48 26 24]
  [48 26 24]
  ...
  [48 26 24]
  [48 26 24]
  [48 26 24]]]",,,,,,,
1776664240.879990,"[[[84 41 33]
  [84 41 33]
  [83 41 34]
  ...
  [84 41 33]
  [84 41 33]
  [84 41 33]]

 [[84 41 33]
  [84 41 33]
  [83 41 34]
  ...
  [84 41 33]
  [84 41 33]
  [84 41 33]]

 [[83 41 34]
  [84 41 33]
  [84 41 33]
  ...
  [84 41 33]
  [84 41 33]
  [84 41 33]]

 ...

 [[48 26 24]
  [48 26 24]
  [48 26 24]
  ...
  [48 26 24]
  [48 26 24]
  [48 26 24]]

 [[48 26 24]
  [48 26 24]
  [48 26 24]
  ...
  [48 26 24]
  [48 26 24]
  [48 26 24]]

 [[48 26 24]
  [48 26 24]
  [48 26 24]
  ...
  [48 26 24]
  [48 26 24]
  [48 26 24]]]",,,,,,,
1776664240.928169,"[[[84 41 33]
  [84 41 33]
  [83 41 34]
  ...
  [84 41 33]
  [84 41 33]
  [84 41 33]]

 [[84 41 33]
  [84 41 33]
  [83 41 34]
  ...
  [84 41 33]
  [84 41 33]
  [84 41 33]]

 [[83 41 34]
  [84 41 33]
  [84 41 33]
  ...
  [84 41 33]
  [84 41 33]
  [84 41 33]]

 ...

 [[48 26 24]
  [48 26 24]
  [48 26 24]
  ...
  [48 26 24]
  [48 26 24]
  [48 26 24]]

 [[48 26 24]
  [48 26 24]
  [48 26 24]
  ...
  [48 26 24]
  [48 26 24]
  [48 26 24]]

 [[48 26 24]
  [48 26 24]
  [48 26 24]
  ...
  [48 26 24]
  [48 26 24]
  [48 26 24]]]",,,,,,,
1776664240.979759,"[[[84 41 33]
  [84 41 33]
  [83 41 34]
  ...
  [84 41 33]
  [84 41 33]
  [84 41 33]]

 [[84 41 33]
  [84 41 33]
  [83 41 34]
  ...
  [84 41 33]
  [84 41 33]
  [84 41 33]]

 [[83 41 34]
  [84 41 33]
  [84 41 33]
  ...
  [84 41 33]
  [84 41 33]
  [84 41 33]]

 ...

 [[48 26 24]
  [48 26 24]
  [48 26 24]
  ...
  [48 26 24]
  [48 26 24]
  [48 26 24]]

 [[48 26 24]
  [48 26 24]
  [48 26 24]
  ...
  [48 26 24]
  [48 26 24]
  [48 26 24]]

 [[48 26 24]
  [48 26 24]
  [48 26 24]
  ...
  [48 26 24]
  [48 26 24]
  [48 26 24]]]",,,,,,,
1776664241.029626,"[[[84 41 33]
  [84 41 33]
  [83 41 34]
  ...
  [84 41 33]
  [84 41 33]
  [84 41 33]]

 [[84 41 33]
  [84 41 33]
  [83 41 34]
  ...
  [84 41 33]
  [84 41 33]
  [84 41 33]]

 [[83 41 34]
  [84 41 33]
  [84 41 33]
  ...
  [84 41 33]
  [84 41 33]
  [84 41 33]]

 ...

 [[48 26 24]
  [48 26 24]
  [48 26 24]
  ...
  [48 26 24]
  [48 26 24]
  [48 26 24]]

 [[48 26 24]
  [48 26 24]
  [48 26 24]
  ...
  [48 26 24]
  [48 26 24]
  [48 26 24]]

 [[48 26 24]
  [48 26 24]
  [48 26 24]
  ...
  [48 26 24]
  [48 26 24]
  [48 26 24]]]",,,,,,,
1776664241.078877,"[[[84 41 33]
  [84 41 33]
  [83 41 34]
  ...
  [84 41 33]
  [84 41 33]
  [84 41 33]]

 [[84 41 33]
  [84 41 33]
  [83 41 34]
  ...
  [84 41 33]
  [84 41 33]
  [84 41 33]]

 [[83 41 34]
  [84 41 33]
  [84 41 33]
  ...
  [84 41 33]
  [84 41 33]
  [84 41 33]]

 ...

 [[48 26 24]
  [48 26 24]
  [48 26 24]
  ...
  [48 26 24]
  [48 26 24]
  [48 26 24]]

 [[48 26 24]
  [48 26 24]
  [48 26 24]
  ...
  [48 26 24]
  [48 26 24]
  [48 26 24]]

 [[48 26 24]
  [48 26 24]
  [48 26 24]
  ...
  [48 26 24]
  [48 26 24]
  [48 26 24]]]",,,,,,,
1776664241.132100,"[[[84 41 33]
  [84 41 33]
  [83 41 34]
  ...
  [84 41 33]
  [84 41 33]
  [84 41 33]]

 [[84 41 33]
  [84 41 33]
  [83 41 34]
  ...
  [84 41 33]
  [84 41 33]
  [84 41 33]]

 [[83 41 34]
  [84 41 33]
  [84 41 33]
  ...
  [84 41 33]
  [84 41 33]
  [84 41 33]]

 ...

 [[48 26 24]
  [48 26 24]
  [48 26 24]
  ...
  [48 26 24]
  [48 26 24]
  [48 26 24]]

 [[48 26 24]
  [48 26 24]
  [48 26 24]
  ...
  [48 26 24]
  [48 26 24]
  [48 26 24]]

 [[48 26 24]
  [48 26 24]
  [48 26 24]
  ...
  [48 26 24]
  [48 26 24]
  [48 26 24]]]",,,,,,,
1776664241.180659,"[[[84 41 33]
  [84 41 33]
  [83 41 34]
  ...
  [84 41 33]
  [84 41 33]
  [84 41 33]]

 [[84 41 33]
  [84 41 33]
  [83 41 34]
  ...
  [84 41 33]
  [84 41 33]
  [84 41 33]]

 [[83 41 34]
  [84 41 33]
  [84 41 33]
  ...
  [84 41 33]
  [84 41 33]
  [84 41 33]]

 ...

 [[48 26 24]
  [48 26 24]
  [48 26 24]
  ...
  [48 26 24]
  [48 26 24]
  [48 26 24]]

 [[48 26 24]
  [48 26 24]
  [48 26 24]
  ...
  [48 26 24]
  [48 26 24]
  [48 26 24]]

 [[48 26 24]
  [48 26 24]
  [48 26 24]
  ...
  [48 26 24]
  [48 26 24]
  [48 26 24]]]",,,,,,,
1776664241.229008,"[[[84 41 33]
  [84 41 33]
  [83 41 34]
  ...
  [84 41 33]
  [84 41 33]
  [84 41 33]]

 [[84 41 33]
  [84 41 33]
  [83 41 34]
  ...
  [84 41 33]
  [84 41 33]
  [84 41 33]]

 [[83 41 34]
  [84 41 33]
  [84 41 33]
  ...
  [84 41 33]
  [84 41 33]
  [84 41 33]]

 ...

 [[48 26 24]
  [48 26 24]
  [48 26 24]
  ...
  [48 26 24]
  [48 26 24]
  [48 26 24]]

 [[48 26 24]
  [48 26 24]
  [48 26 24]
  ...
  [48 26 24]
  [48 26 24]
  [48 26 24]]

 [[48 26 24]
  [48 26 24]
  [48 26 24]
  ...
  [48 26 24]
  [48 26 24]
  [48 26 24]]]",,,,,,,
1776664241.280496,"[[[84 41 33]
  [84 41 33]
  [83 41 34]
  ...
  [84 41 33]
  [84 41 33]
  [84 41 33]]

 [[84 41 33]
  [84 41 33]
  [83 41 34]
  ...
  [84 41 33]
  [84 41 33]
  [84 41 33]]

 [[83 41 34]
  [84 41 33]
  [84 41 33]
  ...
  [84 41 33]
  [84 41 33]
  [84 41 33]]

 ...

 [[48 26 24]
  [48 26 24]
  [48 26 24]
  ...
  [48 26 24]
  [48 26 24]
  [48 26 24]]

 [[48 26 24]
  [48 26 24]
  [48 26 24]
  ...
  [48 26 24]
  [48 26 24]
  [48 26 24]]

 [[48 26 24]
  [48 26 24]
  [48 26 24]
  ...
  [48 26 24]
  [48 26 24]
  [48 26 24]]]",,,,,,,
1776664241.327935,"[[[84 41 33]
  [84 41 33]
  [83 41 34]
  ...
  [84 41 33]
  [84 41 33]
  [84 41 33]]

 [[84 41 33]
  [84 41 33]
  [83 41 34]
  ...
  [84 41 33]
  [84 41 33]
  [84 41 33]]

 [[83 41 34]
  [84 41 33]
  [84 41 33]
  ...
  [84 41 33]
  [84 41 33]
  [84 41 33]]

 ...

 [[48 26 24]
  [48 26 24]
  [48 26 24]
  ...
  [48 26 24]
  [48 26 24]
  [48 26 24]]

 [[48 26 24]
  [48 26 24]
  [48 26 24]
  ...
  [48 26 24]
  [48 26 24]
  [48 26 24]]

 [[48 26 24]
  [48 26 24]
  [48 26 24]
  ...
  [48 26 24]
  [48 26 24]
  [48 26 24]]]",,,,,,,
1776664241.377963,"[[[84 41 33]
  [84 41 33]
  [83 41 34]
  ...
  [84 41 33]
  [84 41 33]
  [84 41 33]]

 [[84 41 33]
  [84 41 33]
  [83 41 34]
  ...
  [84 41 33]
  [84 41 33]
  [84 41 33]]

 [[83 41 34]
  [84 41 33]
  [84 41 33]
  ...
  [84 41 33]
  [84 41 33]
  [84 41 33]]

 ...

 [[48 26 24]
  [48 26 24]
  [48 26 24]
  ...
  [48 26 24]
  [48 26 24]
  [48 26 24]]

 [[48 26 24]
  [48 26 24]
  [48 26 24]
  ...
  [48 26 24]
  [48 26 24]
  [48 26 24]]

 [[48 26 24]
  [48 26 24]
  [48 26 24]
  ...
  [48 26 24]
  [48 26 24]
  [48 26 24]]]",,,,,,,
1776664241.430936,"[[[84 41 33]
  [84 41 33]
  [83 41 34]
  ...
  [84 41 33]
  [84 41 33]
  [84 41 33]]

 [[84 41 33]
  [84 41 33]
  [83 41 34]
  ...
  [84 41 33]
  [84 41 33]
  [84 41 33]]

 [[83 41 34]
  [84 41 33]
  [84 41 33]
  ...
  [84 41 33]
  [84 41 33]
  [84 41 33]]

 ...

 [[48 26 24]
  [48 26 24]
  [48 26 24]
  ...
  [48 26 24]
  [48 26 24]
  [48 26 24]]

 [[48 26 24]
  [48 26 24]
  [48 26 24]
  ...
  [48 26 24]
  [48 26 24]
  [48 26 24]]

 [[48 26 24]
  [48 26 24]
  [48 26 24]
  ...
  [48 26 24]
  [48 26 24]
  [48 26 24]]]",,,,,,,
1776664241.479705,"[[[84 41 33]
  [84 41 33]
  [83 41 34]
  ...
  [84 41 33]
  [84 41 33]
  [84 41 33]]

 [[84 41 33]
  [84 41 33]
  [83 41 34]
  ...
  [84 41 33]
  [84 41 33]
  [84 41 33]]

 [[83 41 34]
  [84 41 33]
  [84 41 33]
  ...
  [84 41 33]
  [84 41 33]
  [84 41 33]]

 ...

 [[48 26 24]
  [48 26 24]
  [48 26 24]
  ...
  [48 26 24]
  [48 26 24]
  [48 26 24]]

 [[48 26 24]
  [48 26 24]
  [48 26 24]
  ...
  [48 26 24]
  [48 26 24]
  [48 26 24]]

 [[48 26 24]
  [48 26 24]
  [48 26 24]
  ...
  [48 26 24]
  [48 26 24]
  [48 26 24]]]",,,,,,,
1776664241.527824,"[[[84 41 33]
  [84 41 33]
  [83 41 34]
  ...
  [84 41 33]
  [84 41 33]
  [84 41 33]]

 [[84 41 33]
  [84 41 33]
  [83 41 34]
  ...
  [84 41 33]
  [84 41 33]
  [84 41 33]]

 [[83 41 34]
  [84 41 33]
  [84 41 33]
  ...
  [84 41 33]
  [84 41 33]
  [84 41 33]]

 ...

 [[48 26 24]
  [48 26 24]
  [48 26 24]
  ...
  [48 26 24]
  [48 26 24]
  [48 26 24]]

 [[48 26 24]
  [48 26 24]
  [48 26 24]
  ...
  [48 26 24]
  [48 26 24]
  [48 26 24]]

 [[48 26 24]
  [48 26 24]
  [48 26 24]
  ...
  [48 26 24]
  [48 26 24]
  [48 26 24]]]",,,,,,,
1776664241.584700,"[[[84 41 33]
  [84 41 33]
  [83 41 34]
  ...
  [84 41 33]
  [84 41 33]
  [84 41 33]]

 [[84 41 33]
  [84 41 33]
  [83 41 34]
  ...
  [84 41 33]
  [84 41 33]
  [84 41 33]]

 [[83 41 34]
  [84 41 33]
  [84 41 33]
  ...
  [84 41 33]
  [84 41 33]
  [84 41 33]]

 ...

 [[48 26 24]
  [48 26 24]
  [48 26 24]
  ...
  [48 26 24]
  [48 26 24]
  [48 26 24]]

 [[48 26 24]
  [48 26 24]
  [48 26 24]
  ...
  [48 26 24]
  [48 26 24]
  [48 26 24]]

 [[48 26 24]
  [48 26 24]
  [48 26 24]
  ...
  [48 26 24]
  [48 26 24]
  [48 26 24]]]",,,,,,,
1776664241.646002,"[[[84 41 33]
  [84 41 33]
  [83 41 34]
  ...
  [84 41 33]
  [84 41 33]
  [84 41 33]]

 [[84 41 33]
  [84 41 33]
  [83 41 34]
  ...
  [84 41 33]
  [84 41 33]
  [84 41 33]]

 [[83 41 34]
  [84 41 33]
  [84 41 33]
  ...
  [84 41 33]
  [84 41 33]
  [84 41 33]]

 ...

 [[48 26 24]
  [48 26 24]
  [48 26 24]
  ...
  [48 26 24]
  [48 26 24]
  [48 26 24]]

 [[48 26 24]
  [48 26 24]
  [48 26 24]
  ...
  [48 26 24]
  [48 26 24]
  [48 26 24]]

 [[48 26 24]
  [48 26 24]
  [48 26 24]
  ...
  [48 26 24]
  [48 26 24]
  [48 26 24]]]",,,,,,,
1776664241.698405,"[[[84 41 33]
  [84 41 33]
  [83 41 34]
  ...
  [84 41 33]
  [84 41 33]
  [84 41 33]]

 [[84 41 33]
  [84 41 33]
  [83 41 34]
  ...
  [84 41 33]
  [84 41 33]
  [84 41 33]]

 [[83 41 34]
  [84 41 33]
  [84 41 33]
  ...
  [84 41 33]
  [84 41 33]
  [84 41 33]]

 ...

 [[48 26 24]
  [48 26 24]
  [48 26 24]
  ...
  [48 26 24]
  [48 26 24]
  [48 26 24]]

 [[48 26 24]
  [48 26 24]
  [48 26 24]
  ...
  [48 26 24]
  [48 26 24]
  [48 26 24]]

 [[48 26 24]
  [48 26 24]
  [48 26 24]
  ...
  [48 26 24]
  [48 26 24]
  [48 26 24]]]",,,,,,,
1776664241.748706,"[[[84 41 33]
  [84 41 33]
  [83 41 34]
  ...
  [84 41 33]
  [84 41 33]
  [84 41 33]]

 [[84 41 33]
  [84 41 33]
  [83 41 34]
  ...
  [84 41 33]
  [84 41 33]
  [84 41 33]]

 [[83 41 34]
  [84 41 33]
  [84 41 33]
  ...
  [84 41 33]
  [84 41 33]
  [84 41 33]]

 ...

 [[48 26 24]
  [48 26 24]
  [48 26 24]
  ...
  [48 26 24]
  [48 26 24]
  [48 26 24]]

 [[48 26 24]
  [48 26 24]
  [48 26 24]
  ...
  [48 26 24]
  [48 26 24]
  [48 26 24]]

 [[48 26 24]
  [48 26 24]
  [48 26 24]
  ...
  [48 26 24]
  [48 26 24]
  [48 26 24]]]",,,,,,,
1776664241.794441,"[[[84 41 33]
  [84 41 33]
  [83 41 34]
  ...
  [84 41 33]
  [84 41 33]
  [84 41 33]]

 [[84 41 33]
  [84 41 33]
  [83 41 34]
  ...
  [84 41 33]
  [84 41 33]
  [84 41 33]]

 [[83 41 34]
  [84 41 33]
  [84 41 33]
  ...
  [84 41 33]
  [84 41 33]
  [84 41 33]]

 ...

 [[48 26 24]
  [48 26 24]
  [48 26 24]
  ...
  [48 26 24]
  [48 26 24]
  [48 26 24]]

 [[48 26 24]
  [48 26 24]
  [48 26 24]
  ...
  [48 26 24]
  [48 26 24]
  [48 26 24]]

 [[48 26 24]
  [48 26 24]
  [48 26 24]
  ...
  [48 26 24]
  [48 26 24]
  [48 26 24]]]",,,,,,,
1776664241.845732,"[[[84 41 33]
  [84 41 33]
  [83 41 34]
  ...
  [84 41 33]
  [84 41 33]
  [84 41 33]]

 [[84 41 33]
  [84 41 33]
  [83 41 34]
  ...
  [84 41 33]
  [84 41 33]
  [84 41 33]]

 [[83 41 34]
  [84 41 33]
  [84 41 33]
  ...
  [84 41 33]
  [84 41 33]
  [84 41 33]]

 ...

 [[48 26 24]
  [48 26 24]
  [48 26 24]
  ...
  [48 26 24]
  [48 26 24]
  [48 26 24]]

 [[48 26 24]
  [48 26 24]
  [48 26 24]
  ...
  [48 26 24]
  [48 26 24]
  [48 26 24]]

 [[48 26 24]
  [48 26 24]
  [48 26 24]
  ...
  [48 26 24]
  [48 26 24]
  [48 26 24]]]",,,,,,,
1776664241.902199,"[[[84 41 33]
  [84 41 33]
  [83 41 34]
  ...
  [84 41 33]
  [84 41 33]
  [84 41 33]]

 [[84 41 33]
  [84 41 33]
  [83 41 34]
  ...
  [84 41 33]
  [84 41 33]
  [84 41 33]]

 [[83 41 34]
  [84 41 33]
  [84 41 33]
  ...
  [84 41 33]
  [84 41 33]
  [84 41 33]]

 ...

 [[48 26 24]
  [48 26 24]
  [48 26 24]
  ...
  [48 26 24]
  [48 26 24]
  [48 26 24]]

 [[48 26 24]
  [48 26 24]
  [48 26 24]
  ...
  [48 26 24]
  [48 26 24]
  [48 26 24]]

 [[48 26 24]
  [48 26 24]
  [48 26 24]
  ...
  [48 26 24]
  [48 26 24]
  [48 26 24]]]",,,,,,,
1776664241.966938,"[[[84 41 33]
  [84 41 33]
  [83 41 34]
  ...
  [84 41 33]
  [84 41 33]
  [84 41 33]]

 [[84 41 33]
  [84 41 33]
  [83 41 34]
  ...
  [84 41 33]
  [84 41 33]
  [84 41 33]]

 [[83 41 34]
  [84 41 33]
  [84 41 33]
  ...
  [84 41 33]
  [84 41 33]
  [84 41 33]]

 ...

 [[48 26 24]
  [48 26 24]
  [48 26 24]
  ...
  [48 26 24]
  [48 26 24]
  [48 26 24]]

 [[48 26 24]
  [48 26 24]
  [48 26 24]
  ...
  [48 26 24]
  [48 26 24]
  [48 26 24]]

 [[48 26 24]
  [48 26 24]
  [48 26 24]
  ...
  [48 26 24]
  [48 26 24]
  [48 26 24]]]",,,,,,,
1776664242.030156,"[[[84 41 33]
  [84 41 33]
  [83 41 34]
  ...
  [84 41 33]
  [84 41 33]
  [84 41 33]]

 [[84 41 33]
  [84 41 33]
  [83 41 34]
  ...
  [84 41 33]
  [84 41 33]
  [84 41 33]]

 [[83 41 34]
  [84 41 33]
  [84 41 33]
  ...
  [84 41 33]
  [84 41 33]
  [84 41 33]]

 ...

 [[48 26 24]
  [48 26 24]
  [48 26 24]
  ...
  [48 26 24]
  [48 26 24]
  [48 26 24]]

 [[48 26 24]
  [48 26 24]
  [48 26 24]
  ...
  [48 26 24]
  [48 26 24]
  [48 26 24]]

 [[48 26 24]
  [48 26 24]
  [48 26 24]
  ...
  [48 26 24]
  [48 26 24]
  [48 26 24]]]",,,,,,,
1776664242.081080,"[[[84 41 33]
  [84 41 33]
  [83 41 34]
  ...
  [84 41 33]
  [84 41 33]
  [84 41 33]]

 [[84 41 33]
  [84 41 33]
  [83 41 34]
  ...
  [84 41 33]
  [84 41 33]
  [84 41 33]]

 [[83 41 34]
  [84 41 33]
  [84 41 33]
  ...
  [84 41 33]
  [84 41 33]
  [84 41 33]]

 ...

 [[48 26 24]
  [48 26 24]
  [48 26 24]
  ...
  [48 26 24]
  [48 26 24]
  [48 26 24]]

 [[48 26 24]
  [48 26 24]
  [48 26 24]
  ...
  [48 26 24]
  [48 26 24]
  [48 26 24]]

 [[48 26 24]
  [48 26 24]
  [48 26 24]
  ...
  [48 26 24]
  [48 26 24]
  [48 26 24]]]",,,,,,,
1776664242.131042,"[[[84 41 33]
  [84 41 33]
  [83 41 34]
  ...
  [84 41 33]
  [84 41 33]
  [84 41 33]]

 [[84 41 33]
  [84 41 33]
  [83 41 34]
  ...
  [84 41 33]
  [84 41 33]
  [84 41 33]]

 [[83 41 34]
  [84 41 33]
  [84 41 33]
  ...
  [84 41 33]
  [84 41 33]
  [84 41 33]]

 ...

 [[48 26 24]
  [48 26 24]
  [48 26 24]
  ...
  [48 26 24]
  [48 26 24]
  [48 26 24]]

 [[48 26 24]
  [48 26 24]
  [48 26 24]
  ...
  [48 26 24]
  [48 26 24]
  [48 26 24]]

 [[48 26 24]
  [48 26 24]
  [48 26 24]
  ...
  [48 26 24]
  [48 26 24]
  [48 26 24]]]",,,,,,,
1776664242.184295,"[[[84 41 33]
  [84 41 33]
  [83 41 34]
  ...
  [84 41 33]
  [84 41 33]
  [84 41 33]]

 [[84 41 33]
  [84 41 33]
  [83 41 34]
  ...
  [84 41 33]
  [84 41 33]
  [84 41 33]]

 [[83 41 34]
  [84 41 33]
  [84 41 33]
  ...
  [84 41 33]
  [84 41 33]
  [84 41 33]]

 ...

 [[48 26 24]
  [48 26 24]
  [48 26 24]
  ...
  [48 26 24]
  [48 26 24]
  [48 26 24]]

 [[48 26 24]
  [48 26 24]
  [48 26 24]
  ...
  [48 26 24]
  [48 26 24]
  [48 26 24]]

 [[48 26 24]
  [48 26 24]
  [48 26 24]
  ...
  [48 26 24]
  [48 26 24]
  [48 26 24]]]",,,,,,,
1776664242.246613,"[[[84 41 33]
  [84 41 33]
  [83 41 34]
  ...
  [84 41 33]
  [84 41 33]
  [84 41 33]]

 [[84 41 33]
  [84 41 33]
  [83 41 34]
  ...
  [84 41 33]
  [84 41 33]
  [84 41 33]]

 [[83 41 34]
  [84 41 33]
  [84 41 33]
  ...
  [84 41 33]
  [84 41 33]
  [84 41 33]]

 ...

 [[48 26 24]
  [48 26 24]
  [48 26 24]
  ...
  [48 26 24]
  [48 26 24]
  [48 26 24]]

 [[48 26 24]
  [48 26 24]
  [48 26 24]
  ...
  [48 26 24]
  [48 26 24]
  [48 26 24]]

 [[48 26 24]
  [48 26 24]
  [48 26 24]
  ...
  [48 26 24]
  [48 26 24]
  [48 26 24]]]",,,,,,,
1776664242.313437,"[[[84 41 33]
  [84 41 33]
  [83 41 34]
  ...
  [84 41 33]
  [84 41 33]
  [84 41 33]]

 [[84 41 33]
  [84 41 33]
  [83 41 34]
  ...
  [84 41 33]
  [84 41 33]
  [84 41 33]]

 [[83 41 34]
  [84 41 33]
  [84 41 33]
  ...
  [84 41 33]
  [84 41 33]
  [84 41 33]]

 ...

 [[48 26 24]
  [48 26 24]
  [48 26 24]
  ...
  [48 26 24]
  [48 26 24]
  [48 26 24]]

 [[48 26 24]
  [48 26 24]
  [48 26 24]
  ...
  [48 26 24]
  [48 26 24]
  [48 26 24]]

 [[48 26 24]
  [48 26 24]
  [48 26 24]
  ...
  [48 26 24]
  [48 26 24]
  [48 26 24]]]",,,,,,,
1776664242.365518,"[[[84 41 33]
  [84 41 33]
  [83 41 34]
  ...
  [84 41 33]
  [84 41 33]
  [84 41 33]]

 [[84 41 33]
  [84 41 33]
  [83 41 34]
  ...
  [84 41 33]
  [84 41 33]
  [84 41 33]]

 [[83 41 34]
  [84 41 33]
  [84 41 33]
  ...
  [84 41 33]
  [84 41 33]
  [84 41 33]]

 ...

 [[48 26 24]
  [48 26 24]
  [48 26 24]
  ...
  [48 26 24]
  [48 26 24]
  [48 26 24]]

 [[48 26 24]
  [48 26 24]
  [48 26 24]
  ...
  [48 26 24]
  [48 26 24]
  [48 26 24]]

 [[48 26 24]
  [48 26 24]
  [48 26 24]
  ...
  [48 26 24]
  [48 26 24]
  [48 26 24]]]",,,,,,,
1776664242.429657,"[[[84 41 33]
  [84 41 33]
  [83 41 34]
  ...
  [84 41 33]
  [84 41 33]
  [84 41 33]]

 [[84 41 33]
  [84 41 33]
  [83 41 34]
  ...
  [84 41 33]
  [84 41 33]
  [84 41 33]]

 [[83 41 34]
  [84 41 33]
  [84 41 33]
  ...
  [84 41 33]
  [84 41 33]
  [84 41 33]]

 ...

 [[48 26 24]
  [48 26 24]
  [48 26 24]
  ...
  [48 26 24]
  [48 26 24]
  [48 26 24]]

 [[48 26 24]
  [48 26 24]
  [48 26 24]
  ...
  [48 26 24]
  [48 26 24]
  [48 26 24]]

 [[48 26 24]
  [48 26 24]
  [48 26 24]
  ...
  [48 26 24]
  [48 26 24]
  [48 26 24]]]",,,,,,,
1776664242.480529,"[[[84 41 33]
  [84 41 33]
  [83 41 34]
  ...
  [84 41 33]
  [84 41 33]
  [84 41 33]]

 [[84 41 33]
  [84 41 33]
  [83 41 34]
  ...
  [84 41 33]
  [84 41 33]
  [84 41 33]]

 [[83 41 34]
  [84 41 33]
  [84 41 33]
  ...
  [84 41 33]
  [84 41 33]
  [84 41 33]]

 ...

 [[48 26 24]
  [48 26 24]
  [48 26 24]
  ...
  [48 26 24]
  [48 26 24]
  [48 26 24]]

 [[48 26 24]
  [48 26 24]
  [48 26 24]
  ...
  [48 26 24]
  [48 26 24]
  [48 26 24]]

 [[48 26 24]
  [48 26 24]
  [48 26 24]
  ...
  [48 26 24]
  [48 26 24]
  [48 26 24]]]",,,,,,,
1776664242.530833,"[[[84 41 33]
  [84 41 33]
  [83 41 34]
  ...
  [84 41 33]
  [84 41 33]
  [84 41 33]]

 [[84 41 33]
  [84 41 33]
  [83 41 34]
  ...
  [84 41 33]
  [84 41 33]
  [84 41 33]]

 [[83 41 34]
  [84 41 33]
  [84 41 33]
  ...
  [84 41 33]
  [84 41 33]
  [84 41 33]]

 ...

 [[48 26 24]
  [48 26 24]
  [48 26 24]
  ...
  [48 26 24]
  [48 26 24]
  [48 26 24]]

 [[48 26 24]
  [48 26 24]
  [48 26 24]
  ...
  [48 26 24]
  [48 26 24]
  [48 26 24]]

 [[48 26 24]
  [48 26 24]
  [48 26 24]
  ...
  [48 26 24]
  [48 26 24]
  [48 26 24]]]",,,,,,,
